smiles,sequence,pka,sps,label
O=S(=O)(N1CCC(=CC1)C#Cc1ccccn1)Cc1ccccc1,MVLLLILSVLLLKEDVRGSAQSSERRVVAHMPGDIIIGALFSVHHQPTVDKVHERKCGAVREQYGIQRVEAMLHTLERINSDPTLLPNITLGCEIRDSCWHSAVALEQSIEFIRDSLISSEEEEGLVRCVDGSSSFRSKKPIVGVIGPGSSSVAIQVQNLLQLFNIPQIAYSATSMDLSDKTLFKYFMRVVPSDAQQARAMVDIVKRYNWTYVSAVHTEGNYGESGMEAFKDMSAKEGICIAHSYKIYSNAGEQSFDKLLKKLRSHLPKARVVACFCEGMTVRGLLMAMRRLGLAGEFLLLGSDGWADRYDVTDGYQREAVGGITIKLQSPDVKWFDDYYLKLRPETNLRNPWFQEFWQHRFQCRLEGFAQENSKYNKTCNSSLTLRTHHVQDSKMGFVINAIYSMAYGLHNMQMSLCPGYAGLCDAMKPIDGRKLLDSLMKTNFTGVSGDMILFDENGDSPGRYEIMNFKEMGKDYFDYINVGSWDNGELKMDDDEVWSKKNNIIRSVCSEPCEKGQIKVIRKGEVSCCWTCTPCKENEYVFDEYTCKACQLGSWPTDDLTGCDLIPVQYLRWGDPEPIAAVVFACLGLLATLFVTVIFIIYRDTPVVKSSSRELCYIILAGICLGYLCTFCLIAKPKQIYCYLQRIGIGLSPAMSYSALVTKTNRIARILAGSKKKICTKKPRFMSACAQLVIAFILICIQLGIIVALFIMEPPDIMHDYPSIREVYLICNTTNLGVVTPLGYNGLLILSCTFYAFKTRNVPANFNEAKYIAFTMYTTCIIWLAFVPIYFGSNYKIITMCFSVSLSATVALGCMFVPKVYIILAKPERNVRSAFTTSTVVRMHVGDGKSSSAASRSSSLVNLWKRRGSSGETLRYKDRRLAQHKSEIECFTPKGSMGNGGRATMSSSNGKSVTWAQNEKSTRGQHLWQRLSVHINKKENPNQTAVIKPFPKSTENRGPGAAAGGGSGPGVAGAGNAGCTATGGPEPPDAGPKALYDVAEAEESFPAAARPRSPSPISTLSHLAGSAGRTDDDAPSLHSETAARSSSSQGSLMEQISSVVTRFTANISELNSMMLSTAATPGPPGTPICSSYLIPKEIQLPTTMTTFAEIQPLPAIEVTGGAQGATGVSPAQETPTGAESAPGKPDLEELVALTPPSPFRDSVDSGSTTPNSPVSESALCIPSSPKYDTLIIRDYTQSSSSL,6.410050399,"AEGM,CEKL,BNGS,CEKL,ANKL,CETM,BNDS,CNTS,ANDL,CEDL,BNGS,CNGS,ANTM,CNTL,ANKM,CETS,BNTS,CEDS,AEDM,CEDS,BEKM,CETS,AEKM,CEKS,BNGS,ANKM,CEDL,BNKS,CEDS,AEDM,CEKM,ANKM,CETL,ANGL,CEDM,AEKM,CEDL,BNDM,CEDS,BEDM,CEDL,AEGL,CEDS,AETL,CEKS,AETL,CEKM,AEGL,CEDL,AEGL,CETS,AETL,CETS,AEGL,CEKL,BNKM,CETL,AETM,CEGS,AETS,CETL,AEDS,CETL",0
C=CCNC1=C2CC(C)CC(OC)C(O)C(C)C=C(C)C(C(C=CC=C(C(=O)NC(=CC1=O)C2=O)C)OC)OC(=O)N,MRRDERDAKAMRSLQPPDGAGSPPESLRNGYVKSCVSPLRQDPPRGFFFHLCRFCNVELRPPPASPQQPRRCSPFCRARLSLGALAAFVLALLLGAEPESWAAGAAWLRTLLSVCSHSLSPLFSIACAFFFLTCFLTRTKRGPGPGRSCGSWWLLALPACCYLGDFLVWQWWSWPWGDGDAGSAAPHTPPEAAAGRLLLVLSCVGLLLTLAHPLRLRHCVLVLLLASFVWWVSFTSLGSLPSALRPLLSGLVGGAGCLLALGLDHFFQIREAPLHPRLSSAAEEKVPVIRPRRRSSCVSLGETAASYYGSCKIFRRPSLPCISREQMILWDWDLKQWYKPHYQNSGGGNGVDLSVLNEARNMVSDLLTDPSLPPQVISSLRSISSLMGAFSGSCRPKINPLTPFPGFYPCSEIEDPAEKGDRKLNKGLNRNSLPTPQLRRSSGTSGLLPVEQSSRWDRNNGKRPHQEFGISSQGCYLNGPFNSNLLTIPKQRSSSVSLTHHVGLRRAGVLSSLSPVNSSNHGPVSTGSLTNRSPIEFPDTADFLNKPSVILQRSLGNAPNTPDFYQQLRNSDSNLCNSCGHQMLKYVSTSESDGTDCCSGKSGEEENIFSKESFKLMETQQEEETEKKDSRKLFQEGDKWLTEEAQSEQQTNIEQEVSLDLILVEEYDSLIEKMSNWNFPIFELVEKMGEKSGRILSQVMYTLFQDTGLLEIFKIPTQQFMNYFRALENGYRDIPYHNRIHATDVLHAVWYLTTRPVPGLQQIHNGCGTGNETDSDGRINHGRIAYISSKSCSNPDESYGCLSSNIPALELMALYVAAAMHDYDHPGRTNAFLVATNAPQAVLYNDRSVLENHHAASAWNLYLSRPEYNFLLHLDHVEFKRFRFLVIEAILATDLKKHFDFLAEFNAKANDVNSNGIEWSNENDRLLVCQVCIKLADINGPAKVRDLHLKWTEGIVNEFYEQGDEEANLGLPISPFMDRSSPQLAKLQESFITHIVGPLCNSYDAAGLLPGQWLEAEEDNDTESGDDEDGEELDTEDEEMENNLNPKPPRRKSRRRIFCQLMHHLTENHKIWKEIVEEEEKCKADGNKLQVENSSLPQADEIQVIEEADEEE,5.823908741,"CEKL,BNTS,CEKM,ANGS,CNTL,ANGL,CNDS,ANGL,CEKM,BNGM,ANGM,CEGL,ANGL,CEKS,BNGM,ANGM,CETS,ANGL,CEKL,ANDM,CETM,ANTM,CETL,AEDL,CETS,AEDL,CEGM,ANTM,CEKM,ANKM,CETL,ANGM,CNKM,AEGS,CETS,AEGS,CETS,ANTL,CEDM,AEKL,CNDS,AEKM,CETM,ANDL,CEGM,AETL,CEDL,AEKM,CEDS,AEDS,CEDL",0
CCOc1cc(c(c(c1)OC(C)C)F)C(c1ncc([nH]1)c1cccc(c1)C)Nc1ccc(cc1)C(=N)N,MGRPLHLVLLSASLAGLLLLGESLFIRREQANNILARVTRANSFLEEMKKGHLERECMEETCSYEEAREVFEDSDKTNEFWNKYKDGDQCETSPCQNQGKCKDGLGEYTCTCLEGFEGKNCELFTRKLCSLDNGDCDQFCHEEQNSVVCSCARGYTLADNGKACIPTGPYPCGKQTLERRKRSVAQATSSSGEAPDSITWKPYDAADLDPTENPFDLLDFNQTQPERGDNNLTRIVGGQECKDGECPWQALLINEENEGFCGGTILSEFYILTAAHCLYQAKRFKVRVGDRNTEQEEGGEAVHEVEVVIKHNRFTKETYDFDIAVLRLKTPITFRMNVAPACLPERDWAESTLMTQKTGIVSGFGRTHEKGRQSTRLKMLEVPYVDRNSCKLSSSFIITQNMFCAGYDTKQEDACQGDSGGPHVTRFKDTYFVTGIVSWGEGCARKGKYGIYTKVTAFLKWIDRSMKTRGLPKAKSHAPEVITSSPLK,6.346787486,"CEKS,ANGM,CNGS,AEKL,CEKS,AEDL,CEDS,AEDM,CEDL,BNGS,CEDS,BNGS,CNDS,ANTM,CEDL,BEDM,CEDM,BNGS,CEGL,AEDM,CETS,BNGS,CEKM,BETM,AETM,CETL,BNKL,CEKM,BNTS,AEKM,CEKL",0
CC(OC(=O)C(n1c(=O)n2n(c1=O)CC=CC2C(=O)NCc1ccc(nc1C)N)CSc1ccc(cc1)Br)C,MAHVRGLQLPGCLALAALCSLVHSQHVFLAPQQARSLLQRVRRANTFLEEVRKGNLERECVEETCSYEEAFEALESSTATDVFWAKYTACETARTPRDKLAACLEGNCAEGLGTNYRGHVNITRSGIECQLWRSRYPHKPEINSTTHPGADLQENFCRNPDSSTTGPWCYTTDPTVRRQECSIPVCGQDQVTVAMTPRSEGSSVNLSPPLEQCVPDRGQQYQGRLAVTTHGLPCLAWASAQAKALSKHQDFNSAVQLVENFCRNPDGDEEGVWCYVAGKPGDFGYCDLNYCEEAVEEETGDGLDEDSDRAIEGRTATSEYQTFFNPRTFGSGEADCGLRPLFEKKSLEDKTERELLESYIDGRIVEGSDAEIGMSPWQVMLFRKSPQELLCGASLISDRWVLTAAHCLLYPPWDKNFTENDLLVRIGKHSRTRYERNIEKISMLEKIYIHPRYNWRENLDRDIALMKLKKPVAFSDYIHPVCLPDRETAASLLQAGYKGRVTGWGNLKETWTANVGKGQPSVLQVVNLPIVERPVCKDSTRIRITDNMFCAGYKPDEGKRGDACEGDSGGPFVMKSPFNNRWYQMGIVSWGEGCDRDGKYGFYTHVFRLKKWIQKVIDQFGE,10.06048075,"ANGL,CNKS,AEKL,CEDS,AEKM,CEDS,ANDS,CETS,AEGM,CETS,AEKM,CEDL,AEDS,CEDL,BNGS,CETS,BNGM,CNDS,BNGL,CEKM,BEKM,CNKM,BNGS,CEKL,AEDS,CETS,BNKS,CETL,BNGM,AEDM,CEDL,BNGS,CETS,BNGM,CEDM,BNTS,AEKM,CEDS",1
OC1C=CC2C34C1Oc1c4c(CC2N(CC3)C)ccc1O,MESPIQIFRGDPGPTCSPSACLLPNSSSWFPNWAESDSNGSVGSEDQQLESAHISPAIPVIITAVYSVVFVVGLVGNSLVMFVIIRYTKMKTATNIYIFNLALADALVTTTMPFQSAVYLMNSWPFGDVLCKIVISIDYYNMFTSIFTLTMMSVDRYIAVCHPVKALDFRTPLKAKIINICIWLLASSVGISAIVLGGTKVREDVDVIECSLQFPDDEYSWWDLFMKICVFVFAFVIPVLIIIVCYTLMILRLKSVRLLSGSREKDRNLRRITKLVLVVVAVFIICWTPIHIFILVEALGSTSHSTAALSSYYFCIALGYTNSSLNPVLYAFLDENFKRCFRDFCFPIKMRMERQSTNRVRNTVQDPASMRDVGGMNKPV,6.165622363,"CETL,AEGL,CEKS,ANTL,CETS,AEGL,BEKS,CEDS,BEDS,CEDS,AEGL,CETS,AEKL,CETS,AETL,CEKM,AEKS,CEGL",0
CN1CCc2c(C1=O)cc(cc2)OCCCN1CCN(CC1)c1cccc2c1ccs2,MDPLNLSWYDDDLERQNWSRPFNGSEGKADRPHYNYYAMLLTLLIFIIVFGNVLVCMAVSREKALQTTTNYLIVSLAVADLLVATLVMPWVVYLEVVGEWKFSRIHCDIFVTLDVMMCTASILNLCAISIDRYTAVAMPMLYNTRYSSKRRVTVMIAIVWVLSFTISCPLLFGLNNTDQNECIIANPAFVVYSSIVSFYVPFIVTLLVYIKIYIVLRKRRKRVNTKRSSRAFRANLKTPLKGNCTHPEDMKLCTVIMKSNGSFPVNRRRMDAARRAQELEMEMLSSTSPPERTRYSPIPPSHHQLTLPDPSHHGLHSNPDSPAKPEKNGHAKIVNPRIAKFFEIQTMPNGKTRTSLKTMSRRKLSQQKEKKATQMLAIVLGVFIICWLPFFITHILNIHCDCNIPPVLYSAFTWLGYVNSAVNPIIYTTFNIEFRKAFMKILHC,9.15490196,"CEDL,AEGL,CEDS,ANTL,CETM,AEGL,CETM,AEKL,BEKS,CEKS,AEKL,CEDS,AETL,CEDS,AEKS,CETS,AEDS,CEDS,AEKM,CEKS,AEKL,CEKM,AEGL,CETS,AETL,CEKS",1
Brc1ccc(cc1)C1=NN(C(C1)c1c(C)nn(c1Cl)c1ccc(cc1)S(=O)(=O)N)c1ccc(cc1)S(=O)(=O)N,MAPLCPSPWLPLLIPAPAPGLTVQLLLSLLLLVPVHPQRLPRMQEDSPLGGGSSGEDDPLGEEDLPSEEDSPREEDPPGEEDLPGEEDLPGEEDLPEVKPKSEEEGSLKLEDLPTVEAPGDPQEPQNNAHRDKEGDDQSHWRYGGDPPWPRVSPACAGRFQSPVDIRPQLAAFCPALRPLELLGFQLPPLPELRLRNNGHSVQLTLPPGLEMALGPGREYRALQLHLHWGAAGRPGSEHTVEGHRFPAEIHVVHLSTAFARVDEALGRPGGLAVLAAFLEEGPEENSAYEQLLSRLEEIAEEGSETQVPGLDISALLPSDFSRYFQYEGSLTTPPCAQGVIWTVFNQTVMLSAKQLHTLSDTLWGPGDSRLQLNFRATQPLNGRVIEASFPAGVDSSPRAAEPVQLNSCLAAGDILALVFGLLFAVTSVAFLVQMRRQHRRGTKGGVSYRPAEVAETGA,7.356547324,"CEGL,ANGM,CEDL,AEGM,CNGS,BEGM,CEGL,BEKS,CEGM,BEKL,CEKL,BNKM,AEDM,CEGS,BNDM,CEDS,AETS,CEDL,BNTS,CETM,BNGS,CETS,AETM,CEGL,ANGL,CEKL",1
c1ccc(cc1)c1cccc(c1)CN1CCN(CC1)c1cccc2c1CCCN2,MDVLSPGQGNNTTSPPAPFETGGNTTGISDVTVSYQVITSLLLGTLIFCAVLGNACVVAAIALERSLQNVANYLIGSLAVTDLMVSVLVLPMAALYQVLNKWTLGQVTCDLFIALDVLCCTSSILHLCAIALDRYWAITDPIDYVNKRTPRRAAALISLTWLIGFLISIPPMLGWRTPEDRSDPDACTISKDHGYTIYSTFGAFYIPLLLMLVLYGRIFRAARFRIRKTVKKVEKTGADTRHGASPAPQPKKSVNGESGSRNWRLGVESKAGGALCANGAVRQGDDGAALEVIEVHRVGNSKEHLPLPSEAGPTPCAPASFERKNERNAEAKRKMALARERKTVKTLGIIMGTFILCWLPFFIVALVLPFCESSCHMPTLLGAIINWLGYSNSLLNPVIYAYFNKDFQNAFKKIIKCKFCRQ,7.070581074,"CETL,ANGL,CETS,ANGL,CEDL,ANKL,CEKL,AEKM,CNGM,ANKM,CNDS,ANGL,CETM,ANTL,CEKM",1
Oc1ccc2c(c1)C13CCN(C(C2)C23CCC(C1)(O2)CNC(=O)c1cccc(c1)O)CC1CC1,MGRRRQGPAQPASELPARNACLLPNGSAWLPGWAEPDGNGSAGPQDEQLEPAHISPAIPVIITAVYSVVFVVGLVGNSLVMFVIIRYTKMKTATNIYIFNLALADALVTTTMPFQSTVYLMNSWPFGDVLCKIVISIDYYNMFTSIFTLTMMSVDRYIAVCHPVKALDFRTPLKAKIINICIWLLSSSVGISAIILGGTKVREDVDIIECSLQFPDDDYSWWDLFMKICVFVFAFVIPVLIIIVCYTLMILRLKSVRLLSGSREKDRNLRRITRLVLVVVAVFIICWTPIHIFILVEALGSTSHSTAALSSYYFCIALGYTNSSLNPILYAFLDENFKRCFRDFCFPIKMRMERQSTSRVRNTVQDPAYMRNVDGVNKPV,10.12262865,"CEGL,AEGL,CEKS,ANTL,CETS,AEGL,BEKS,CEDS,BEDS,CEDM,AEGL,CEGS,AEKL,CETS,AETL,CEKL",1
Clc1ccc(cc1)S(=O)(=O)NC1NNC2C1CC(CC2)c1nnn(c1C1CC1)Cc1ccccc1,MEASLGIQMDEPMAFSPQRDRFQAEGSLKKNEQNFKLAGVKKDIEKLYEAVPQLSNVFKIEDKIGEGTFSSVYLATAQLQVGPEEKIALKHLIPTSHPIRIAAELQCLTVAGGQDNVMGVKYCFRKNDHVVIAMPYLEHESFLDILNSLSFQEVREYMLNLFKALKRIHQFGIVHRDVKPSNFLYNRRLKKYALVDFGLAQGTHDTKIELLKFVQSEAQQERCSQNKSHIITGNKIPLSGPVPKELDQQSTTKASVKRPYTNAQIQIKQGKDGKEGSVGLSVQRSVFGERNFNIHSSISHESPAVKLMKQSKTVDVLSRKLATKKKAISTKVMNSAVMRKTASSCPASLTCDCYATDKVCSICLSRRQQVAPRAGTPGFRAPEVLTKCPNQTTAIDMWSAGVIFLSLLSGRYPFYKASDDLTALAQIMTIRGSRETIQAAKTFGKSILCSKEVPAQDLRKLCERLRGMDSSTPKLTSDIQGHASHQPAISEKTDHKASCLVQTPPGQYSGNSFKKGDSNSCEHCFDEYNTNLEGWNEVPDEAYDLLDKLLDLNPASRITAEEALLHPFFKDMSL,6.008773924,"CEDL,AEDL,BEDM,CEGS,BNTM,CEGS,BEKM,CNTS,ANGM,CNGM,BNKM,CEDS,AEDS,CETS,ANKL,CNKM,BEKM,CNKL,AEDS,CETL,ANGM,CETM,ANGL,CEKM,ANTL,BEGS,CEDM,AEKM,CETL,AEDM,CETM,AEDS,CEKM",0
CCNc1nc(c(s1)c1ccnc(n1)Nc1ccc(cc1)CNC(=O)C)C,MEDYTKIEKIGEGTYGVVYKGRHKTTGQVVAMKKIRLESEEEGVPSTAIREISLLKELRHPNIVSLQDVLMQDSRLYLIFEFLSMDLKKYLDSIPPGQYMDSSLVKSYLYQILQGIVFCHSRRVLHRDLKPQNLLIDDKGTIKLADFGLARAFGIPIRVYTHEVVTLWYRSPEVLLGSARYSTPVDIWSIGTIFAELATKKPLFHGDSEIDQLFRIFRALGTPNNEVWPEVESLQDYKNTFPKWKPGSLASHVKNLDENGLDLLSKMLIYDPAKRISGKMALNHPYFNDLDNQIKKM,6.619788758,"CEDS,BEDM,CETS,BNKS,CNTS,BNKM,CEDM,ANKM,CEKS,BEGM,CEDS,BNDS,CEGS,AEDM,CEGM,ANTL,CNKL,ANGM,CETM,ANGL,CEKM,AEDM,CEDL,AEDM,CEKM,AEGS,CEKM",1
CC1OC2C(O1)C1OC(OC1(OC2)COS(=O)(=O)N)(C)C,MSHHWGYGKHNGPEHWHKDFPIAKGERQSPVDIDTHTAKYDPSLKPLSVSYDQATSLRILNNGHAFNVEFDDSQDKAVLKGGPLDGTYRLIQFHFHWGSLDGQGSEHTVDKKKYAAELHLVHWNTKYGDFGKAVQQPDGLAVLGIFLKVGSAKPGLQKVVDVLDSIKTKGKSADFTNFDPRGLLPESLDYWTYPGSLTTPPLLECVTWIVLKEPISVSSEQVLKFRKLNFNGEGEPEELMVDNWRPAQPLKNRQIKASFK,6.698970004,"CEKM,AEKS,CEDL,BETS,CNKS,BNDS,CEDL,BNKM,CEKL,BNKM,AEKM,CEDS,BNGM,CEKS,AEDM,CEDL,BNTS,CETM,BNGS,CEDS,AETM,CEKL",1
NCCCC1NC(=O)C(NC(=O)C(CCCCCCCN)NC(=O)C(NC(=O)C(NC1=O)Cc1c[nH]c2c1cccc2)Cc1ccccc1)C(O)C,MNTPATLPLGGEDTTWTPGINASWAPDEEEDAVRSDGTGTAGMVTIQCIYALVCLVGLVGNALVIFVILRYAKMKTATNIYLLNLAVADELFMLSVPFVASAAALRHWPFGAVLCRAVLSVDGLNMFTSVFCLTVLSVDRYVAVVHPLRAATYRRPSVAKLINLGVWLASLLVTLPIAVFADTRPARGGEAVACNLHWPHPAWSAVFVIYTFLLGFLLPVLAIGLCYLLIVGKMRAVALRAGWQQRRRSEKKITRLVLMVVTVFVLCWMPFYVVQLLNLFVTSLDATVNHVSLILSYANSCANPILYGFLSDNFRRSFQRVLCLRCCLLETTGGAEEEPLDYYATALKSRGGPGCICPPLPCQQEPMQAEPACKRVPFTKTTTF,6.0,"CEDL,AEGL,CEKS,ANGL,CEKS,AEGL,CEDM,BEGS,CEKS,AEGL,CEGS,AEKL,CEDS,AETL,CETL",0
COc1ccccc1N1CCN(CC1)CCNc1cc(nn(c1=O)C)c1ccccc1,MTFRDLLSVSFEGPRPDSSAGGSSAGGGGGSAGGAAPSEGPAVGGVPGGAGGGGGVVGAGSGEDNRSSAGEPGSAGAGGDVNGTAAVGGLVVSAQGVGVGVFLAAFILMAVAGNLLVILSVACNRHLQTVTNYFIVNLAVADLLLSATVLPFSATMEVLGFWAFGRAFCDVWAAVDVLCCTASILSLCTISVDRYVGVRHSLKYPAIMTERKAAAILALLWVVALVVSVGPLLGWKEPVPPDERFCGITEEAGYAVFSSVCSFYLPMAVIVVMYCRVYVVARSTTRSLEAGVKRERGKASEVVLRIHCRGAATGADGAHGMRSAKGHTFRSSLSVRLLKFSREKKAAKTLAIVVGVFVLCWFPFFFVLPLGSLFPQLKPSEGVFKVIFWLGYFNSCVNPLIYPCSSREFKRAFLRLLRCQCRRRRRRRPLWRVYGHHWRASTSGLRQDCAPSSGDAPPGAPLALTALPDPDPEPPGTPEMQAPVASRRKPPSAFREWRLLGPFRRPTTQLRAKVSSLSHKIRAGGAQRAEAACAQRSEVEAVSLGVPHEVAEGATCQAYELADYSNLRETDI,7.92885471,"AEGM,CEGL,ANGL,CEGS,ANTL,CEKM,ANGL,CEDL,ANTL,CEKL,ANKL,CNGL,ANKL,CEKL,AETM,CEKL,BNDS,CEDL",1
COCCn1c(=O)ccc(c1C)c1cnc(nc1OCC1CC1c1ccc2c(n1)cccc2)C,MRIEERKSQHLTGLTDEKVKAYLSLHPQVLDEFVSESVSAETVEKWLKRKNNKSEDESAPKEVSRYQDTNMQGVVYELNSYIEQRLDTGGDNQLLLYELSSIIKIATKADGFALYFLGECNNSLCIFTPPGIKEGKPRLIPAGPITQGTTVSAYVAKSRKTLLVEDILGDERFPRGTGLESGTRIQSVLCLPIVTAIGDLIGILELYRHWGKEAFCLSHQEVATANLAWASVAIHQVQVCRGLAKQTELNDFLLDVSKTYFDNIVAIDSLLEHIMIYAKNLVNADRCALFQVDHKNKELYSDLFDIGEEKEGKPVFKKTKEIRFSIEKGIAGQVARTGEVLNIPDAYADPRFNREVDLYTGYTTRNILCMPIVSRGSVIGVVQMVNKISGSAFSKTDENNFKMFAVFCALALHCANMYHRIRHSECIYRVTMEKLSYHSICTSEEWQGLMQFTLPVRLCKEIELFHFDIGPFENMWPGIFVYMVHRSCGTSCFELEKLCRFIMSVKKNYRRVPYHNWKHAVTVAHCMYAILQNNHTLFTDLERKGLLIACLCHDLDHRGFSNSYLQKFDHPLAALYSTSTMEQHHFSQTVSILQLEGHNIFSTLSSSEYEQVLEIIRKAIIATDLALYFGNRKQLEEMYQTGSLNLNNQSHRDRVIGLMMTACDLCSVTKLWPVTKLTANDIYAEFWAEGDEMKKLGIQPIPMMDRDKKDEVPQGQLGFYNAVAIPCYTTLTQILPPTEPLLKACRDNLSQWEKVIRGEETATWISSPSVAQKAAASED,10.34678749,"CEKM,AEDL,CETS,AEKM,CEDM,AETL,CEDS,AETL,CEDS,BNGS,CETS,BNTS,CEGL,BNTM,CEDL,BNGM,CEDS,BNGM,CEKM,AETL,BNDM,CEKS,BNDS,CEDL,ANGM,CEDL,AEDS,CETS,BNGL,CETS,ANKL,CEKS,AEKM,CETS,AEDM,CETS,AEKS,CEDM,ANGL,CETS,AEKM,CEKM,ANKL,CNKM,AETS,CEDS,AEGS,CETS,ANTM,CETM,AEDL,CETM,AEDL,CEGS,AEDL,CEDL",1
Fc1ccc2c(c1)nc(n2c1ccc(cc1)OCCCN1CSCC1)c1ccccn1,MERAPPDGPLNASGALAGEAAAAGGARGFSAAWTAVLAALMALLIVATVLGNALVMLAFVADSSLRTQNNFFLLNLAISDFLVGAFCIPLYVPYVLTGRWTFGRGLCKLWLVVDYLLCTSSAFNIVLISYDRFLSVTRAVSYRAQQGDTRRAVRKMLLVWVLAFLLYGPAILSWEYLSGGSSIPEGHCYAEFFYNWYFLITASTLEFFTPFLSVTFFNLSIYLNIQRRTRLRLDGAREAAGPEPPPEAQPSPPPPPGCWGCWQKGHGEAMPLHRYGVGEAAVGAEAGEATLGGGGGGGSVASPTSSSGSSSRGTERPRSLKRGSKPSASSASLEKRMKMVSQSFTQRFRLSRDRKVAKSLAVIVSIFGLCWAPYTLLMIIRAACHGHCVPDYWYETSFWLLWANSAVNPVLYPLCHHSFRRAFTKLLCPQKLKIQPHSSLEHCWK,7.698970004,"CEGL,ANGL,BNGS,CETS,ANGL,CEKS,BNGM,ANTL,CETM,ANKL,CETL,ANTL,CEKL,ANKS,BNGM,ANGM,CEKS,ANTL,CEKL",1
O=C(C1C(C1(C)C)(C)C)c1cn(c2c1cccc2)CCc1ccccn1,MKSILDGLADTTFRTITTDLLYVGSNDIQYEDIKGDMASKLGYFPQKFPLTSFRGSPFQEKMTAGDNPQLVPADQVNITEFYNKSLSSFKENEENIQCGENFMDIECFMVLNPSQQLAIAVLSLTLGTFTVLENLLVLCVILHSRSLRCRPSYHFIGSLAVADLLGSVIFVYSFIDFHVFHRKDSRNVFLFKLGGVTASFTASVGSLFLTAIDRYISIHRPLAYKRIVTRPKAVVAFCLMWTIAIVIAVLPLLGWNCEKLQSVCSDIFPHIDETYLMFWIGVTSVLLLFIVYAYMYILWKAHSHAVRMIQRGTQKSIIIHTSEDGKVQVTRPDQARMDIRLAKTLVLILVVLIICWGPLLAIMVYDVFGKMNKLIKTVFAFCSMLCLLNSTVNPIIYALRSKDLRHAFRSMFPSCEGTAQPLDNSMGDSDCLHKHANNAASVHRAAESCIKSTVKIAKVTMSVSTDTSAEAL,5.721246399,"AEGM,CEDL,AEGL,CEKM,ANGL,CEKS,ANGL,CEKS,AEGL,CETL,AEGL,CEKL,AEGL,CEKS,AEKL,CETL",0
C1CCN(CC1)CCc1ccc(cc1)C1=CCC2C1CN(C2)Cc1ccccc1,MERAPPDGLMNASGTLAGEAAAAGGARGFSAAWTAVLAALMALLIVATVLGNALVMLAFVADSSLRTQNNFFLLNLAISDFLVGAFCIPLYVPYVLTGRWTFGRGLCKLWLVVDYLLCASSVFNIVLISYDRFLSVTRAVSYRAQQGDTRRAVRKMALVWVLAFLLYGPAILSWEYLSGGSSIPEGHCYAEFFYNWYFLITASTLEFFTPFLSVTFFNLSIYLNIQRRTRLRLDGGREAGPEPPPDAQPSPPPAPPSCWGCWPKGHGEAMPLHRYGVGEAGPGVEAGEAALGGGSGGGAAASPTSSSGSSSRGTERPRSLKRGSKPSASSASLEKRMKMVSQSITQRFRLSRDKKVAKSLAIIVSIFGLCWAPYTLLMIIRAACHGRCIPDYWYETSFWLLWANSAVNPVLYPLCHYSFRRAFTKLLCPQKLKVQPHGSLEQCWK,9.397940009,"CEGL,AEGL,CEKM,ANTL,CETM,AEGL,CEDM,AETL,CEGL,ANDM,CETL,AEKL,CEKS,AETL,CEKL",1
O=C1CCc2c(N1)c(OCCCN1CCN(CC1)c1cccc3c1ccs3)ccc2O,MDPLNLSWYDDDLERQNWSRPFNGSEGKADRPHYNYYAMLLTLLIFIIVFGNVLVCMAVSREKALQTTTNYLIVSLAVADLLVATLVMPWVVYLEVVGEWKFSRIHCDIFVTLDVMMCTASILNLCAISIDRYTAVAMPMLYNTRYSSKRRVTVMIAIVWVLSFTISCPLLFGLNNTDQNECIIANPAFVVYSSIVSFYVPFIVTLLVYIKIYIVLRKRRKRVNTKRSSRAFRANLKTPLKGNCTHPEDMKLCTVIMKSNGSFPVNRRRMDAARRAQELEMEMLSSTSPPERTRYSPIPPSHHQLTLPDPSHHGLHSNPDSPAKPEKNGHAKIVNPRIAKFFEIQTMPNGKTRTSLKTMSRRKLSQQKEKKATQMLAIVLGVFIICWLPFFITHILNIHCDCNIPPVLYSAFTWLGYVNSAVNPIIYTTFNIEFRKAFMKILHC,9.096910013,"CEDL,AEGL,CEDS,ANTL,CETM,AEGL,CETM,AEKL,BEKS,CEKS,AEKL,CEDS,AETL,CEDS,AEKS,CETS,AEDS,CEDS,AEKM,CEKS,AEKL,CEKM,AEGL,CETS,AETL,CEKS",1
Nc1nc(C(=O)NCc2cccc3c2ncc(c3)C(=O)N(CCCc2ccccn2)C)c2c(n1)c(F)ccc2,MPIMGSSVYITVELAIAVLAILGNVLVCWAVWLNSNLQNVTNYFVVSLAAADIAVGVLAIPFAITISTGFCAACHGCLFIACFVLVLTQSSIFSLLAIAIDRYIAIRIPLRYNGLVTGTRAKGIIAICWVLSFAIGLTPMLGWNNCGQPKEGKNHSQGCGEGQVACLFEDVVPMNYMVYFNFFACVLVPLLLMLGVYLRIFLAARRQLKQMESQPLPGERARSTLQKEVHAAKSLAIIVGLFALCWLPLHIINCFTFFCPDCSHAPLWLMYLAIVLSHTNSVVNPFIYAYRIREFRQTFRKIIRSHVLRQQEPFKAAGTSARVLAAHGSDGEQVSLRLNGHPPGVWANGSAPHPERRPNGYALGLVSGGSAQESQGNTGLPDVELLSHELKGVCPEPPGLDDPLAQDGAGVS,7.920818754,"AEGL,CEGS,AEGL,CETM,AEKS,CEDS,AEGL,CEGS,AEGL,CETM,AEKL,CETS,AEDS,CEGL",1
OCC1OC(OC2C=CC3C45C2Oc2c5c(CC3N(CC4)C)ccc2O)C(C(C1O)O)O,MPRRSLHAAAVLLLVILKEQPSSPAPVNGSKWTYFGPDGENSWSKKYPSCGGLLQSPIDLHSDILQYDASLTPLEFQGYNLSANKQFLLTNNGHSVKLNLPSDMHIQGLQSRYSATQLHLHWGNPNDPHGSEHTVSGQHFAAELHIVHYNSDLYPDASTASNKSEGLAVLAVLIEMGSFNPSYDKIFSHLQHVKYKGQEAFVPGFNIEELLPERTAEYYRYRGSLTTPPCNPTVLWTVFRNPVQISQEQLLALETALYCTHMDDPSPREMINNFRQVQKFDERLVYTSFSQVQVCTAAGLSLGIILSLALAGILGICIVVVVSIWLFRRKSIKKGDNKGVIYKPATKMETEAHA,8.30980392,"ANKL,CETL,ANKS,CETL,BNTS,CEKL,BNTM,CETL,BNKM,CETL,BNGM,CETS,AEDS,CEDL,BNKS,CNTM,BNGS,CEKS,AETM,CETL,ANGL,CEKL",1
CN1CCC(=Cc2onc(c2)C)C1,MQRVNMIMAESPGLITICLLGYLLSAECTVFLDHENANKILNRPKRYNSGKLEEFVQGNLERECMEEKCSFEEAREVFENTERTTEFWKQYVDGDQCESNPCLNGGSCKDDINSYECWCPFGFEGKNCELDVTCNIKNGRCEQFCKNSADNKVVCSCTEGYRLAENQKSCEPAVPFPCGRVSVSQTSKLTRAETVFPDVDYVNSTEAETILDNITQSTQSFNDFTRVVGGEDAKPGQFPWQVVLNGKVDAFCGGSIVNEKWIVTAAHCVETGVKITVVAGEHNIEETEHTEQKRNVIRIIPHHNYNAAINKYNHDIALLELDEPLVLNSYVTPICIADKEYTNIFLKFGSGYVSGWGRVFHKGRSALVLQYLRVPLVDRATCLRSTKFTIYNNMFCAGFHEGGRDSCQGDSGGPHVTEVEGTSFLTGIISWGEECAMKGKYGIYTKVSRYVNWIKEKTKLT,6.806875402,"ANGL,CETS,AEKL,CEDL,AEDM,CEDS,ANDM,CETL,BNTS,CEDS,BNGL,CEDL,BEKM,CEKM,BNDS,CEDL,AEKM,BETM,CEKM,BEGM,AEKM,CETL,BNGL,CEDM,BNTS,AEKM,CETS",1
[NH-]S(=O)(=O)N,MASPDWGYDDKNGPEQWSKLYPIANGNNQSPVDIKTSETKHDTSLKPISVSYNPATAKEIINVGHSFHVNFEDNDNRSVLKGGPFSDSYRLFQFHFHWGSTNEHGSEHTVDGVKYSAELHVAHWNSAKYSSLAEAASKADGLAVIGVLMKVGEANPKLQKVLDALQAIKTKGKRAPFTNFDPSTLLPSSLDFWTYPGSLTHPPLYESVTWIICKESISVSSEQLAQFRSLLSNVEGDNAVPMQHNNRPTQPLKGRTVRASF,3.508638306,"CEDM,AEDS,CETL,BNDS,CNKS,BNKS,CEDL,BNKM,CETL,BNKM,AETM,CEDS,BNGM,CEDS,AEGM,CEKL,BNGS,CETM,BNGS,CEDS,AETM,CEKL",0
NCc1c(C)nc2c(c1c1ccc(cc1Cl)Cl)CN(C2=O)CC(=O)N1CCN(CC1)S(=O)(=O)C,MKTPWKVLLGLLGAAALVTIITVPVVLLNKGTDDATADSRKTYTLTDYLKNTYRLKLYSLRWISDHEYLYKQENNILVFNAEYGNSSVFLENSTFDEFGHSINDYSISPDGQFILLEYNYVKQWRHSYTASYDIYDLNKRQLITEERIPNNTQWVTWSPVGHKLAYVWNNDIYVKIEPNLPSYRITWTGKEDIIYNGITDWVYEEEVFSAYSALWWSPNGTFLAYAQFNDTEVPLIEYSFYSDESLQYPKTVRVPYPKAGAVNPTVKFFVVNTDSLSSVTNATSIQITAPASMLIGDHYLCDVTWATQERISLQWLRRIQNYSVMDICDYDESSGRWNCLVARQHIEMSTTGWVGRFRPSEPHFTLDGNSFYKIISNEEGYRHICYFQIDKKDCTFITKGTWEVIGIEALTSDYLYYISNEYKGMPGGRNLYKIQLSDYTKVTCLSCELNPERCQYYSVSFSKEAKYYQLRCSGPGLPLYTLHSSVNDKGLRVLEDNSALDKMLQNVQMPSKKLDFIILNETKFWYQMILPPHFDKSKKYPLLLDVYAGPCSQKADTVFRLNWATYLASTENIIVASFDGRGSGYQGDKIMHAINRRLGTFEVEDQIEAARQFSKMGFVDNKRIAIWGWSYGGYVTSMVLGSGSGVFKCGIAVAPVSRWEYYDSVYTERYMGLPTPEDNLDHYRNSTVMSRAENFKQVEYLLIHGTADDNVHFQQSAQISKALVDVGVDFQAMWYTDEDHGIASSTAHQHIYTHMSHFIKQCFSLP,9.337242168,"CEKS,ANGL,CEDM,AETM,CEKL,BETM,CEDS,BETS,CEDL,BETM,CEKS,BNTM,CEKL,BNTM,CEDL,ANDM,CETM,BNTM,CEDS,BEDS,CETM,BEKS,CNGM,BNGM,CETL,BNTL,CETS,BNDM,CEDS,BEKM,CEKL,BNTS,CEDS,BNKS,CEDM,BNGS,CEDS,BNTS,CEGM,BNKS,CETL,BNTM,CEKS,BNTS,CNGS,BNTS,CEDS,BEKS,AEDM,BETL,CEKM,BNGS,CNTL,ANTS,CEDS,BNGS,CNTM,ANKS,CEKS,AEDM,CEKS,BNKM,ANTM,CEGM,BNGS,CNKS,ANDM,CEDM,AEKS,CNTS,AEKM,BNGM,CNDS,ANTM,CEDS,BNTS,CEDM,ANKL,CEGS",1
COc1ccc2c(c1)c(c[nH]2)C(=O)CN1CCC(CC1)c1ccccc1,MQWAVGRRWLWVALFLAAVAVLTQIVWLWLGTQNFVFQREEIAQLARQYAGLDHELAFSKLIVELRRLHPVHVLPDEELQWVFVNAGGWMGAMCLLHASLSEYVLLFGTALGSPRHSGRYWAEISDTIISGTFHQWREGTTKSEVFYPGETVVHGPGEATAVEWGPNTWMVEYGRGVIPSTLGFALADTVFSTQDFLTLFYTLRVYARALQLELTTYLFGQDP,5.718966633,"CEGS,AEGL,CETS,AEDM,CEDS,AEKM,CEDM,BNGL,CETS,BNGM,CNKM,BNTL,CEDL,BNDS,CEGS,BNGM,AEGL,CEDS,AETL,CEDS",0
NC1CC1c1ccc(nc1)c1ccc(s1)Cl,MLSGKKAAAAAAAAAAAATGTEAGPGTAGGSENGSEVAAQPAGLSGPAEVGPGAVGERTPRKKEPPRASPPGGLAEPPGSAGPQAGPTVVPGSATPMETGIAETPEGRRTSRRKRAKVEYREMDESLANLSEDEYYSEEERNAKAEKEKKLPPPPPQAPPEEENESEPEEPSGVEGAAFQSRLPHDRMTSQEAACFPDIISGPQQTQKVFLFIRNRTLQLWLDNPKIQLTFEATLQQLEAPYNSDTVLVHRVHSYLERHGLINFGIYKRIKPLPTKKTGKVIIIGSGVSGLAAARQLQSFGMDVTLLEARDRVGGRVATFRKGNYVADLGAMVVTGLGGNPMAVVSKQVNMELAKIKQKCPLYEANGQAVPKEKDEMVEQEFNRLLEATSYLSHQLDFNVLNNKPVSLGQALEVVIQLQEKHVKDEQIEHWKKIVKTQEELKELLNKMVNLKEKIKELHQQYKEASEVKPPRDITAEFLVKSKHRDLTALCKEYDELAETQGKLEEKLQELEANPPSDVYLSSRDRQILDWHFANLEFANATPLSTLSLKHWDQDDDFEFTGSHLTVRNGYSCVPVALAEGLDIKLNTAVRQVRYTASGCEVIAVNTRSTSQTFIYKCDAVLCTLPLGVLKQQPPAVQFVPPLPEWKTSAVQRMGFGNLNKVVLCFDRVFWDPSVNLFGHVGSTTASRGELFLFWNLYKAPILLALVAGEAAGIMENISDDVIVGRCLAILKGIFGSSAVPQPKETVVSRWRADPWARGSYSYVAAGSSGNDYDLMAQPITPGPSIPGAPQPIPRLFFAGEHTIRNYPATVHGALLSGLREAGRIADQFLGAMYTLPRQATPGVPAQQSPSM,7.301029996,"CEGM,ANGS,CEDL,ANGS,CEKM,AETS,CEGM,AETL,CETS,AEDS,CEDM,AEKM,CEKL,BNGS,ANTM,CNDL,BEKM,CNGM,ANGM,CETL,AEDL,CEDS,BEGS,AEDL,CEKS,AEDL,CETM,AEDL,CETL,ANGS,CEDS,BETL,CETS,BETS,CNGM,ANGS,CEGM,AEKM,CNGS,BNTS,CEGL,BNGS,AEGM,CEDS,AEGL,CETL,ANDS,CEGL,ANGL,CETL",1
OCC1COC(O1)(CCc1ccc(cc1)Cl)Cn1cncc1.Cl,MASLSQLSSHLNYTCGAENSTGASQARPHAYYALSYCALILAIVFGNGLVCMAVLKERALQTTTNYLVVSLAVADLLVATLVMPWVVYLEVTGGVWNFSRICCDVFVTLDVMMCTASILNLCAISIDRYTAVVMPVHYQHGTGQSSCRRVALMITAVWVLAFAVSCPLLFGFNTTGDPTVCSISNPDFVIYSSVVSFYLPFGVTVLVYARIYVVLKQRRRKRILTRQNSQCNSVRPGFPQQTLSPDPAHLELKRYYSICQDTALGGPGFQERGGELKREEKTRNSLSPTIAPKLSLEVRKLSNGRLSTSLKLGPLQPRGVPLREKKATQMVAIVLGAFIVCWLPFFLTHVLNTHCQTCHVSPELYSATTWLGYVNSALNPVIYTTFNIEFRKAFLKILSC,6.960590408,"CETL,AEKS,CEGS,AEGL,CEGS,ANTL,CETM,ANGL,CETM,AEGL,CEKL,ANKM,CEGM,AEGL,CETS,AETL",1
NS(=O)(=O)Nc1nnc(s1)S(=O)(=O)C,MSHHWGYGKHNGPEHWHKDFPIAKGERQSPVDIDTHTAKYDPSLKPLSVSYDQATSLRILNNGHAFNVEFDDSQDKAVLKGGPLDGTYRLIQFHFHWGSLDGQGSEHTVDKKKYAAELHLVHWNTKYGDFGKAVQQPDGLAVLGIFLKVGSAKPGLQKVVDVLDSIKTKGKSADFTNFDPRGLLPESLDYWTYPGSLTTPPLLECVTWIVLKEPISVSSEQVLKFRKLNFNGEGEPEELMVDNWRPAQPLKNRQIKASFK,6.026872146,"CEKM,AEKS,CEDL,BETS,CNKS,BNDS,CEDL,BNKM,CEKL,BNKM,AEKM,CEDS,BNGM,CEKS,AEDM,CEDL,BNTS,CETM,BNGS,CEDS,AETM,CEKL",0
OC(=O)Cc1ccc(c(c1)Cl)O,MSHHWGYGKHNGPEHWHKDFPIAKGERQSPVDIDTHTAKYDPSLKPLSVSYDQATSLRILNNGHAFNVEFDDSQDKAVLKGGPLDGTYRLIQFHFHWGSLDGQGSEHTVDKKKYAAELHLVHWNTKYGDFGKAVQQPDGLAVLGIFLKVGSAKPGLQKVVDVLDSIKTKGKSADFTNFDPRGLLPESLDYWTYPGSLTTPPLLECVTWIVLKEPISVSSEQVLKFRKLNFNGEGEPEELMVDNWRPAQPLKNRQIKASFK,5.065501549,"CEKM,AEKS,CEDL,BETS,CNKS,BNDS,CEDL,BNKM,CEKL,BNKM,AEKM,CEDS,BNGM,CEKS,AEDM,CEDL,BNTS,CETM,BNGS,CEDS,AETM,CEKL",0
O=C(C1CCN(CC1)S(=O)(=O)c1ccc2c(c1)cccc2)NC(C(=O)C(=O)NCCCN1CCOCC1)Cc1ccccc1,MSEEIITPVYCTGVSAQVQKQRARELGLGRHENAIKYLGQDYEQLRVRCLQSGTLFRDEAFPPVPQSLGYKDLGPNSSKTYGIKWKRPTELLSNPQFIVDGATRTDICQGALGDCWLLAAIASLTLNDTLLHRVVPHGQSFQNGYAGIFHFQLWQFGEWVDVVVDDLLPIKDGKLVFVHSAEGNEFWSALLEKAYAKVNGSYEALSGGSTSEGFEDFTGGVTEWYELRKAPSDLYQIILKALERGSLLGCSIDISSVLDMEAITFKKLVKGHAYSVTGAKQVNYRGQVVSLIRMRNPWGEVEWTGAWSDSSSEWNNVDPYERDQLRVKMEDGEFWMSFRDFMREFTRLEICNLTPDALKSRTIRKWNTTLYEGTWRRGSTAGGCRNYPATFWVNPQFKIRLDETDDPDDYGDRESGCSFVLALMQKHRRRERRFGRDMETIGFAVYEVPPELVGQPAVHLKRDFFLANASRARSEQFINLREVSTRFRLPPGEYVVVPSTFEPNKEGDFVLRFFSEKSAGTVELDDQIQANLPDEQVLSEEEIDENFKALFRQLAGEDMEISVKELRTILNRIISKHKDLRTKGFSLESCRSMVNLMDRDGNGKLGLVEFNILWNRIRNYLSIFRKFDLDKSGSMSAYEMRMAIESAGFKLNKKLYELIITRYSEPDLAVDFDNFVCCLVRLETMFRFFKTLDTDLDGVVTFDLFKWLQLTMFA,6.091514981,"CETM,AEKM,CEKM,AETL,CETL,ANGM,CETS,AEKS,CETM,BNDL,CEGM,ANDM,CETM,ANDM,BEDM,CEKS,AEGM,CEKS,BNTS,CEKL,BETL,CNDL,AEDM,CEDM,BNDS,AEDS,BNTM,CEKM,BETM,CNTL,BNKS,CEDM,BNGM,CEKM,BNGS,CEGM,AEDS,CEKM,BNGL,CEDS,BNGM,CEDL,AEDL,CEKM,ANTM,CEDS,AEKL,CEDM,AEDS,CNGS,ANKM,CEDS,ANDL,CEDS,BEDS,ANGM",0
Clc1ccc2c(c1)nc(cc2)N1CCN(CC1)C1CC1,MERAPPDGPLNASGALAGEAAAAGGARGFSAAWTAVLAALMALLIVATVLGNALVMLAFVADSSLRTQNNFFLLNLAISDFLVGAFCIPLYVPYVLTGRWTFGRGLCKLWLVVDYLLCTSSAFNIVLISYDRFLSVTRAVSYRAQQGDTRRAVRKMLLVWVLAFLLYGPAILSWEYLSGGSSIPEGHCYAEFFYNWYFLITASTLEFFTPFLSVTFFNLSIYLNIQRRTRLRLDGAREAAGPEPPPEAQPSPPPPPGCWGCWQKGHGEAMPLHRYGVGEAAVGAEAGEATLGGGGGGGSVASPTSSSGSSSRGTERPRSLKRGSKPSASSASLEKRMKMVSQSFTQRFRLSRDRKVAKSLAVIVSIFGLCWAPYTLLMIIRAACHGHCVPDYWYETSFWLLWANSAVNPVLYPLCHHSFRRAFTKLLCPQKLKIQPHSSLEHCWK,6.490797478,"CEGL,ANGL,BNGS,CETS,ANGL,CEKS,BNGM,ANTL,CETM,ANKL,CETL,ANTL,CEKL,ANKS,BNGM,ANGM,CEKS,ANTL,CEKL",0
OC(CCC(=O)c1ncc(o1)c1ccccn1)CCCc1ccccc1,MQRSIMSFFHPKKEGKAKKPEKEASNSSRETEPPPKAALKEWNGVVSESDSPVKRPGRKAARVLGSEGEEEDEALSPAKGQKPALDCSQVSPPRPATSPENNASLSDTSPMDSSPSGIPKRRTARKQLPKRTIQEVLEEQSEDEDREAKRKKEEEEEETPKESLTEAEVATEKEGEDGDQPTTPPKPLKTSKAETPTESVSEPEVATKQELQEEEEQTKPPRRAPKTLSSFFTPRKPAVKKEVKEEEPGAPGKEGAAEGPLDPSGYNPAKNNYHPVEDACWKPGQKVPYLAVARTFEKIEEVSARLRMVETLSNLLRSVVALSPPDLLPVLYLSLNHLGPPQQGLELGVGDGVLLKAVAQATGRQLESVRAEAAEKGDVGLVAENSRSTQRLMLPPPPLTASGVFSKFRDIARLTGSASTAKKIDIIKGLFVACRHSEARFIARSLSGRLRLGLAEQSVLAALSQAVSLTPPGQEFPPAMVDAGKGKTAEARKTWLEEQGMILKQTFCEVPDLDRIIPVLLEHGLERLPEHCKLSPGIPLKPMLAHPTRGISEVLKRFEEAAFTCEYKYDGQRAQIHALEGGEVKIFSRNQEDNTGKYPDIISRIPKIKLPSVTSFILDTEAVAWDREKKQIQPFQVLTTRKRKEVDASEIQVQVCLYAFDLIYLNGESLVREPLSRRRQLLRENFVETEGEFVFATSLDTKDIEQIAEFLEQSVKDSCEGLMVKTLDVDATYEIAKRSHNWLKLKKDYLDGVGDTLDLVVIGAYLGRGKRAGRYGGFLLASYDEDSEELQAICKLGTGFSDEELEEHHQSLKALVLPSPRPYVRIDGAVIPDHWLDPSAVWEVKCADLSLSPIYPAARGLVDSDKGISLRFPRFIRVREDKQPEQATTSAQVACLYRKQSQIQNQQGEDSGSDPEDTY,6.301029996,"AETM,CEDL,ANDM,CEDS,ANGL,CEGM,AEGM,CEKS,AEDL,CEGM,AEKM,CETS,AEKM,CEKS,ANKM,CEKM,ANTM,CEGL,AEDL,CNDS,AEDM,CEKL,AEKS,CEDS,BNTS,CNDS,BNKM,CEDL,AEDS,CEKM,BNDM,CEKS,AETM,CEDM,BNTM,CEDM,AEKM,CEDS,BNGS,CEDS,AEDM,BNDM,CEDM,BEKM,AEDS,CEDS,BNGM,CEKM,BNGM,CEDS,BNGS,CETS,AEDM,CEGL,BNDM,CEDM,BEKM,CEDS,AETL,CEDM",0
ClC(C1Nc2cc(Cl)c(cc2S(=O)(=O)N1)S(=O)(=O)N)Cl,MRALVLLLSLFLLGGQAQHVSDWTYSEGALDEAHWPQHYPACGGQRQSPINLQRTKVRYNPSLKGLNMTGYETQAGEFPMVNNGHTVQISLPSTMRMTVADGTVYIAQQMHFHWGGASSEISGSEHTVDGIRHVIEIHIVHYNSKYKSYDIAQDAPDGLAVLAAFVEVKNYPENTYYSNFISHLANIKYPGQRTTLTGLDVQDMLPRNLQHYYTYHGSLTTPPCTENVHWFVLADFVKLSRTQVWKLENSLLDHRNKTIHNDYRRTQPLNHRVVESNFPNQEYTLGSEFQFYLHKIEEILDYLRRALN,5.609241471,"ANGM,CEDL,AETM,CETL,BEGM,CETM,BEGL,CEDL,BNKM,AETM,CEDS,BNGM,CETS,AETM,CETS,BETS,CEDM,BNTS,CNTM,BNGS,CEDS,AEKM,CETL,AEKL",0
CC1NCCN(C1)S(=O)(=O)c1cccc2c1ccnc2,MSRPPPTGKMPGAPEAAAGDGAGAGRQRKLEALIRDPRSPINVESLLDGLNSLVLDLDFPALRKNKNIDNFLNRYEKIVKKIRGLQMKAEDYDVVKVIGRGAFGEVQLVRHKASQKVYAMKLLSKFEMIKRSDSAFFWEERDIMAFANSPWVVQLFCAFQDDRYLYMVMEYMPGGDLVNLMSNYDVPEKWAKFYTAEVVLALDAIHSMGLIHRDVKPDNMLLDKHGHLKLADFGTCMKMDETGMVHCDTAVGTPDYISPEVLKSQGGDGYYGRECDWWSVGVFLFEMLVGDTPFYADSLVGTYSKIMDHKNSLCFPEDTEISKHAKNLICAFLTDREVRLGRNGVEEIKSASFFKNDQWNWDNIRETAAPVVPELSSDIDSSNFDDIEDDKGDVETFPIPKAFVGNQLPFIGFTYFRENLLLSDSPPCRENDAIQTRKSEESQEIQKKLYALEEHLSSEVQAKEELEQKCKSINTRLEKTAKELEEEITFRKNVESTLRQLEREKALLQHKNAEYQRKADHEADKKRNLENDVNSLKDQLEDLKKRNQSSQISTEKVNQLQKQLDEANALLRTESDTAARLRKTQAESSKQIQQLESNNRDLQDKNCLLETAKLKLEKEFINLQSALESERRDRTHGSEIINDLQGRISGLEEDLKTGKTLLAKVELEKRQLQEKLTDLEKEKSNMEIDMTYQLKVIQQSLEQEEAEHKTTKARLADKNKIYESIEEAKSEAMKEMEKKLLEERSLKQKVENLLLEAEKRCSILDCDLKQSQQKLNELLKQKDVLNEDVRNLTLKIEQETQKRCLMQNDLKMQTQQVNTLKMSEKQIKQENNHLMEMKMNLEKQNAELRKERQDADGQMKELQDQLEAEQYFSTLYKTQVRELKEENEEKTKLCKELQQKKQDLQDERDSLAAQLEITLTKADSEQLARSIAEEQYSDLEKEKIMKELEIKEMMARHKQELTEKDATIASLEETNRTLTSDVANLANEKEELNNKLKDTQEQLSKLKDEEISAAAIKAQFEKQLLTERTLKTQAVNKLAEIMNRKEPVKRGSDTDVRRKEKENRKLHMELKSEREKLTQQMIKYQKELNEMQAQIAEESQIRIELQMTLDSKDSDIEQLRSQLQALHIGMDSSSIGSGPGDAEPDDGFPESRLEGWLSLPVRNNTKKFGWVKKYVIVSSKKILFYDSEQDKEQSNPYMVLDIDKLFHVRPVTQTDVYRADAKEIPRIFQILYANEGESKKEPEFPVEPVGEKSNYICHKGHEFIPTLYHFPTNCEACMKPLWHMFKPPPALECSRCHIKCHKDHMDKKEEIIAPCKVYYDISSAKNLLLLANSTEEQQKWVSRLVKKIPKKPPAPDPFARSSPRTSMKIQQNQSIRRPSRQLAPNKPS,6.346787486,"CEGL,AEKM,CEDS,ANDM,CEDS,AEKL,CEKS,BEDM,CEGS,BNKM,CEKS,BNGM,ANDS,CEKS,ANDM,CETS,BNGM,CEDS,BNDS,CNGS,ANDS,CEDS,ANDL,CNDL,ANDS,CETS,ANDL,CEDM,AETM,CEDM,AEKM,CEKM,AEDS,CETM,AEDS,CEDL,AEDL,CEKM,AEDL,CEDL,BNKS,CEDL,BEKL,AETS,CEDS,AEKM,CEDL,BETS,CEKL,AEGM,CETS,AEKM,CEKL",0
O=C(c1ccc(cc1)OCc1ccccc1)CC(=O)C(=O)O,MEDFVRQCFNPMIVELAEKTMKEYGEDLKIETNKFAAICTHLEVCFMYSDFHFINEQGESIIVELGDPNALLKHRFEIIEGRDRTMAWTVVNSICNTTGAEKPKFLPDLYDYKENRFIEIGVTRREVHIYYLEKANKIKSEKTHIHIFSFTGEEMATKADYTLDEESRARIKTRLFTIRQEMASRGLWDSFRQSERGEETIEERFEITGTMRKLADQSLPPNFSSLENFRAYVDGFEPNGYIEGKLSQMSKEVNARIEPFLKTTPRPLRLPNGPPCSQRSKFLLMDALKLSIEDPSHEGEGIPLYDAIKCMRTFFGWKEPNVVKPHEKGINPNYLLSWKQVLAELQDIENEEKIPKTKNMKKTSQLKWALGENMAPEKVDFDDCKDVGDLKQYDSDEPELRSLASWIQNEFNKACELTDSSWIELDEIGEDVAPIEHIASMRRNYFTSEVSHCRATEYIMKGVYINTALLNASCAAMDDFQLIPMISKCRTKEGRRKTNLYGFIIKGRSHLRNDTDVVNFVSMEFSLTDPRLEPHKWEKYCVLEIGDMLIRSAIGQVSRPMFLYVRTNGTSKIKMKWGMEMRRCLLQSLQQIESMIEAESSVKEKDMTKEFFENKSETWPIGESPKGVEESSIGKVCRTLLAKSVFNSLYASPQLEGFSAESRKLLLIVQALRDNLEPGTFDLGGLYEAIEECLINDPWVLLNASWFNSFLTHALS,5.701146924,"AEDL,CEDS,ANTL,CEDL,AETM,CEDL,BNGM,CEKS,AEKM,CEKS,BNKS,CEDM,AEKL,CEKS,AEDS,CEDM,AEKM,CETM,AEDM,CEDS,AETM,CEKL,AEKM,CEGS,BEKM,CEKS,AEDL,CEKM,AETS,CEDL,ANTM,CEDL,AETL,CEDS,BNKM,CEKS,BNKM,CEKM,BNGM,CEKM,BEDM,CETS,BETM,AEKL,CEDS,AEDS,CEDL,ANKL,CETS,AEGL,CEDM,AEDM,CNDS,ANGL",0
Oc1cc2CCC3C(c2cc1O)c1cc(sc1CN3)C1CCCCC1,MDPLNLSWYDDDLERQNWSRPFNGSEGKADRPHYNYYAMLLTLLIFIIVFGNVLVCMAVSREKALQTTTNYLIVSLAVADLLVATLVMPWVVYLEVVGEWKFSRIHCDIFVTLDVMMCTASILNLCAISIDRYTAVAMPMLYNTRYSSKRRVTVMIAIVWVLSFTISCPLLFGLNNTDQNECIIANPAFVVYSSIVSFYVPFIVTLLVYIKIYIVLRKRRKRVNTKRSSRAFRANLKTPLKGNCTHPEDMKLCTVIMKSNGSFPVNRRRMDAARRAQELEMEMLSSTSPPERTRYSPIPPSHHQLTLPDPSHHGLHSNPDSPAKPEKNGHAKIVNPRIAKFFEIQTMPNGKTRTSLKTMSRRKLSQQKEKKATQMLAIVLGVFIICWLPFFITHILNIHCDCNIPPVLYSAFTWLGYVNSAVNPIIYTTFNIEFRKAFMKILHC,5.507239611,"CEDL,AEGL,CEDS,ANTL,CETM,AEGL,CETM,AEKL,BEKS,CEKS,AEKL,CEDS,AETL,CEDS,AEKS,CETS,AEDS,CEDS,AEKM,CEKS,AEKL,CEKM,AEGL,CETS,AETL,CEKS",0
Fc1cccc(c1)Oc1ccc(cn1)C(=O)N1CCCN(CC1)C1CCC1,MERAPPDGPLNASGALAGEAAAAGGARGFSAAWTAVLAALMALLIVATVLGNALVMLAFVADSSLRTQNNFFLLNLAISDFLVGAFCIPLYVPYVLTGRWTFGRGLCKLWLVVDYLLCTSSAFNIVLISYDRFLSVTRAVSYRAQQGDTRRAVRKMLLVWVLAFLLYGPAILSWEYLSGGSSIPEGHCYAEFFYNWYFLITASTLEFFTPFLSVTFFNLSIYLNIQRRTRLRLDGAREAAGPEPPPEAQPSPPPPPGCWGCWQKGHGEAMPLHRYGVGEAAVGAEAGEATLGGGGGGGSVASPTSSSGSSSRGTERPRSLKRGSKPSASSASLEKRMKMVSQSFTQRFRLSRDRKVAKSLAVIVSIFGLCWAPYTLLMIIRAACHGHCVPDYWYETSFWLLWANSAVNPVLYPLCHHSFRRAFTKLLCPQKLKIQPHSSLEHCWK,8.387216143,"CEGL,ANGL,BNGS,CETS,ANGL,CEKS,BNGM,ANTL,CETM,ANKL,CETL,ANTL,CEKL,ANKS,BNGM,ANGM,CEKS,ANTL,CEKL",1
CN1C2CCC1C(C(C2)c1ccc(cc1)Cl)c1nnn(c1)Cc1ccccc1,METTPLNSQKQLSACEDGEDCQENGVLQKVVPTPGDKVESGQISNGYSAVPSPGAGDDTRHSIPATTTTLVAELHQGERETWGKKVDFLLSVIGYAVDLGNVWRFPYICYQNGGGAFLLPYTIMAIFGGIPLFYMELALGQYHRNGCISIWRKICPIFKGIGYAICIIAFYIASYYNTIMAWALYYLISSFTDQLPWTSCKNSWNTGNCTNYFSEDNITWTLHSTSPAEEFYTRHVLQIHRSKGLQDLGGISWQLALCIMLIFTVIYFSIWKGVKTSGKVVWVTATFPYIILSVLLVRGATLPGAWRGVLFYLKPNWQKLLETGVWIDAAAQIFFSLGPGFGVLLAFASYNKFNNNCYQDALVTSVVNCMTSFVSGFVIFTVLGYMAEMRNEDVSEVAKDAGPSLLFITYAEAIANMPASTFFAIIFFLMLITLGLDSTFAGLEGVITAVLDEFPHVWAKRRERFVLAVVITCFFGSLVTLTFGGAYVVKLLEEYATGPAVLTVALIEAVAVSWFYGITQFCRDVKEMLGFSPGWFWRICWVAISPLFLLFIICSFLMSPPQLRLFQYNYPYWSIILGYCIGTSSFICIPTYIAYRLIITPGTFKERIIKSITPETPTEIPCGDIRLNAV,6.793174124,"CEDL,ANGL,CNGS,ANGL,CEKS,ANGL,CETL,ANDM,CEKM,AEGL,CEKS,AEGL,CEGS,AEGM,CEKS,AEGL,CNGS,ANGS,CETS,AETL,CEDM,ANGM,CEGS,ANGL,CEKM,AEGM,CNTS,ANGL,CEGS,AEGL,CETM,AETL,CETS,AEKM,CEDL",1
Clc1cccc(c1)C(c1cccc(c1)Cl)N1CCC2(CC1)C(=O)NCN2c1ccccc1,MEPLFPAPFWEVIYGSHLQGNLSLLSPNHSLLPPHLLLNASHGAFLPLGLKVTIVGLYLAVCVGGLLGNCLVMYVILRHTKMKTATNIYIFNLALADTLVLLTLPFQGTDILLGFWPFGNALCKTVIAIDYYNMFTSTFTLTAMSVDRYVAICHPIRALDVRTSSKAQAVNVAIWALASVVGVPVAIMGSAQVEDEEIECLVEIPTPQDYWGPVFAICIFLFSFIVPVLVISVCYSLMIRRLRGVRLLSGSREKDRNLRRITRLVLVVVAVFVGCWTPVQVFVLAQGLGVQPSSETAVAILRFCTALGYVNSCLNPILYAFLDENFKACFRKFCCASALRRDVQVSDRVRSIAKDVALACKTSETVPRPA,6.603800653,"CEGL,AEGL,CEKS,ANGL,CNGS,AEGL,BEDS,CEDS,BEDS,CEDS,AEGL,CEKM,AEKL,CETS,AETL,CEKL",1
O=C(N(C1CCCCC1N1CCCC1)C)Cc1ccc2c(c1)OCO2,MGRRRQGPAQPASELPARNACLLPNGSAWLPGWAEPDGNGSAGPQDEQLEPAHISPAIPVIITAVYSVVFVVGLVGNSLVMFVIIRYTKMKTATNIYIFNLALADALVTTTMPFQSTVYLMNSWPFGDVLCKIVISIDYYNMFTSIFTLTMMSVDRYIAVCHPVKALDFRTPLKAKIINICIWLLSSSVGISAIILGGTKVREDVDIIECSLQFPDDDYSWWDLFMKICVFVFAFVIPVLIIIVCYTLMILRLKSVRLLSGSREKDRNLRRITRLVLVVVAVFIICWTPIHIFILVEALGSTSHSTAALSSYYFCIALGYTNSSLNPILYAFLDENFKRCFRDFCFPIKMRMERQSTSRVRNTVQDPAYMRNVDGVNKPV,5.297932397,"CEGL,AEGL,CEKS,ANTL,CETS,AEGL,BEKS,CEDS,BEDS,CEDM,AEGL,CEGS,AEKL,CETS,AETL,CEKL",0
O=C(c1ccc(s1)c1ccccn1)NC1C2CCN(C1Cc1cccnc1)CC2,MCGGRGGIWLALAAALLHVSLQGEFQRRLYKELVKNYNPLERPVANDSQPLTVYFSLSLLQIMDVDEKNQVLTTNIWLQMSWTDHYLQWNMSEYPGVKNVRFPDGQIWKPDILLYNSADERFDATFHTNVLVNASGHCQYLPPGIFKSSCYIDVRWFPFDVQQCKLKFGSWSYGGWSLDLQMQEADISSYIPNGEWDLMGIPGKRNEKFYECCKEPYPDVTYTVTMRRRTLYYGLNLLIPCVLISALALLVFLLPADSGEKISLGITVLLSLTVFMLLVAEIMPATSDSVPLIAQYFASTMIIVGLSVVVTVIVLRYHHHDPDGGKMPKWTRIILLNWCAWFLRMKRPGEDKVRPACQHKPRRCSLASVELSAGAGPPTSNGNLLYIGFRGLEGMHCAPTPDSGVVCGRLACSPTHDEHLMHGAHPSDGDPDLAKILEEVRYIANRFRCQDESEVICSEWKFAACVVDRLCLMAFSVFTIICTIGILMSAPNFVEAVSKDFA,9.15490196,"CEKS,AEGM,CEGS,AEKM,CETL,BNTL,CEDS,BNTM,CETM,BNKS,CNDM,BNTS,CEDM,BNTS,CEGS,BNGM,CETL,BNKS,CNTS,BNDS,CEDM,BEKM,CEDM,BNTM,AEGL,CEDS,AEGL,CEGM,AEGL,CEKM,AEGM,CEKL,AEKL,CEDS,AEGL,CEDM",1
OCC1CC(C(C1O)O)n1cnc2c1ncnc2SCc1ccc(cc1)OC,MAVDSSNSATGPMRVFAIGNPILDLVAEVPSSFLDEFFLKRGDATLATPEQMRIYSTLDQFNPTSLPGGSALNSVRVVQKLLRKPGSAGYMGAIGDDPRGQVLKELCDKEGLATRFMVAPGQSTGVCAVLINEKERTLCTHLGACGSFRLPEDWTTFASGALIFYATAYTLTATPKNALEVAGYAHGIPNAIFTLNLSAPFCVELYKDAMQSLLLHTNILFGNEEEFAHLAKVHNLVAAEKTALSTANKEHAVEVCTGALRLLTAGQNTGATKLVVMTRGHNPVIAAEQTADGTVVVHEVGVPVVAAEKIVDTNGAGDAFVGGFLYALSQGKTVKQCIMCGNACAQDVIQHVGFSLSFTSLPC,4.207608311,"CEGL,BNDS,AEDM,CEKS,AETL,BETS,ANGM,CEKS,BNGM,AEDM,CEDS,BEGS,CETS,BNGM,CEDS,BNKS,AEGS,CEDM,BNTS,AETL,CEGS,BNTS,CNGS,AEDL,CETS,AEDM,CETM,AEKL,CETM,BNGS,CEKS,BNDS,CEDS,BEDS,CEGM,ANGM,CETS,ANTL,CETM",0
COC(=O)C1C2CCC(N2C)CC1c1cccc(c1)I,METTPLNSQKVLSECKDREDCQENGVLQKGVPTTADRAEPSQISNGYSAVPSTSAGDEASHSIPAATTTLVAEIRQGERETWGKKMDFLLSVIGYAVDLGNIWRFPYICYQNGGGAFLLPYTIMAIFGGIPLFYMELALGQYHRNGCISIWRKICPIFKGIGYAICIIAFYIASYYNTIIAWALYYLISSLTDRLPWTSCTNSWNTGNCTNYFAQDNITWTLHSTSPAEEFYLRHVLQIHQSKGLQDLGTISWQLTLCIVLIFTVIYFSIWKGVKTSGKVVWVTATFPYIVLSVLLVRGATLPGAWRGVVFYLKPNWQKLLETGVWVDAAAQIFFSLGPGFGVLLAFASYNKFNNNCYQDALVTSVVNCMTSFVSGFVIFTVLGYMAEMRNEDVSEVAKDAGPSLLFITYAEAIANMPASTFFAIIFFLMLITLGLDSTFAGLEGVITAVLDEFPHIWAKRREWFVLIVVITCVLGSLLTLTSGGAYVVTLLEEYATGPAVLTVALIEAVAVSWFYGITQFCSDVKEMLGFSPGWFWRICWVAISPLFLLFIICSFLMSPPQLRLFQYNYPHWSIVLGYCIGMSSVICIPTYIIYRLISTPGTLKERIIKSITPETPTEIPCGDIRMNAV,8.007888512,"CETL,AEDS,CEKM,ANGL,CNKM,ANTL,CETL,ANDM,CETM,AETL,CEKS,AEGL,CNGS,AEGM,CEKS,AEGL,CNGS,ANGS,CETM,AETL,CEDS,AEDS,CEDS,ANGM,CEGS,ANGL,CEKM,ANGL,CEGS,ANGL,CEGS,AEGL,CETM,AETL,CETS,AEKM,CEDL",1
O=C(NC1CCC(CC1)CCN1CCC(CC1)c1ccc(c2c1cco2)F)CC1CCOCC1,MASLSQLSSHLNYTCGAENSTGASQARPHAYYALSYCALILAIVFGNGLVCMAVLKERALQTTTNYLVVSLAVADLLVATLVMPWVVYLEVTGGVWNFSRICCDVFVTLDVMMCTASILNLCAISIDRYTAVVMPVHYQHGTGQSSCRRVALMITAVWVLAFAVSCPLLFGFNTTGDPTVCSISNPDFVIYSSVVSFYLPFGVTVLVYARIYVVLKQRRRKRILTRQNSQCNSVRPGFPQQTLSPDPAHLELKRYYSICQDTALGGPGFQERGGELKREEKTRNSLSPTIAPKLSLEVRKLSNGRLSTSLKLGPLQPRGVPLREKKATQMVAIVLGAFIVCWLPFFLTHVLNTHCQTCHVSPELYSATTWLGYVNSALNPVIYTTFNIEFRKAFLKILSC,7.696803943,"CETL,AEKS,CEGS,AEGL,CEGS,ANTL,CETM,ANGL,CETM,AEGL,CEKL,ANKM,CEGM,AEGL,CETS,AETL",1
CCCS(=O)(=O)n1c2CCN(Cc2c2c1ccc(c2)C(=O)N1CCC(CC1)C)C1COCC1,MKSILDGLADTTFRTITTDLLYVGSNDIQYEDIKGDMASKLGYFPQKFPLTSFRGSPFQEKMTAGDNPQLVPADQVNITEFYNKSLSSFKENEENIQCGENFMDIECFMVLNPSQQLAIAVLSLTLGTFTVLENLLVLCVILHSRSLRCRPSYHFIGSLAVADLLGSVIFVYSFIDFHVFHRKDSRNVFLFKLGGVTASFTASVGSLFLTAIDRYISIHRPLAYKRIVTRPKAVVAFCLMWTIAIVIAVLPLLGWNCEKLQSVCSDIFPHIDETYLMFWIGVTSVLLLFIVYAYMYILWKAHSHAVRMIQRGTQKSIIIHTSEDGKVQVTRPDQARMDIRLAKTLVLILVVLIICWGPLLAIMVYDVFGKMNKLIKTVFAFCSMLCLLNSTVNPIIYALRSKDLRHAFRSMFPSCEGTAQPLDNSMGDSDCLHKHANNAASVHRAAESCIKSTVKIAKVTMSVSTDTSAEAL,6.494850022,"AEGM,CEDL,AEGL,CEKM,ANGL,CEKS,ANGL,CEKS,AEGL,CETL,AEGL,CEKL,AEGL,CEKS,AEKL,CETL",0
NC(P(=O)(O)O)CCc1ccccc1,MFHSSAMVNSHRKPMFNIHRGFYCLTAILPQICICSQFSVPSSYHFTEDPGAFPVATNGERFPWQELRLPSVVIPLHYDLFVHPNLTSLDFVASEKIEVLVSNATQFIILHSKDLEITNATLQSEEDSRYMKPGKELKVLSYPAHEQIALLVPEKLTPHLKYYVAMDFQAKLGDGFEGFYKSTYRTLGGETRILAVTDFEPTQARMAFPCFDEPLFKANFSIKIRRESRHIALSNMPKVKTIELEGGLLEDHFETTVKMSTYLVAYIVCDFHSLSGFTSSGVKVSIYASPDKRNQTHYALQASLKLLDFYEKYFDIYYPLSKLDLIAIPDFAPGAMENWGLITYRETSLLFDPKTSSASDKLWVTRVIAHELAHQWFGNLVTMEWWNDIWLKEGFAKYMELIAVNATYPELQFDDYFLNVCFEVITKDSLNSSRPISKPAETPTQIQEMFDEVSYNKGACILNMLKDFLGEEKFQKGIIQYLKKFSYRNAKNDDLWSSLSNSCLESDFTSGGVCHSDPKMTSNMLAFLGENAEVKEMMTTWTLQKGIPLLVVKQDGCSLRLQQERFLQGVFQEDPEWRALQERYLWHIPLTYSTSSSNVIHRHILKSKTDTLDLPEKTSWVKFNVDSNGYYIVHYEGHGWDQLITQLNQNHTLLRPKDRVGLIHDVFQLVGAGRLTLDKALDMTYYLQHETSSPALLEGLSYLESFYHMMDRRNISDISENLKRYLLQYFKPVIDRQSWSDKGSVWDRMLRSALLKLACDLNHAPCIQKAAELFSQWMESSGKLNIPTDVLKIVYSVGAQTTAGWNYLLEQYELSMSSAEQNKILYALSTSKHQEKLLKLIELGMEGKVIKTQNLAALLHAIARRPKGQQLAWDFVRENWTHLLKKFDLGSYDIRMIISGTTAHFSSKDKLQEVKLFFESLEAQGSHLDIFQTVLETITKNIKWLEKNLPTLRTWLMVNT,4.327902142,"CETM,ANKL,CETL,BNGM,CNTS,BEDM,CETS,BNGS,CEDS,BETM,CEDM,BEDL,CEKM,BEKM,CEDS,BETM,CNDS,BNDM,CNDL,BEKM,CEKM,BEKS,CEDS,BNDS,CEDS,BNTL,CETS,BNTS,AEKL,CETM,BNGS,CNDM,BNTS,CNTM,ANKL,CNGS,ANDL,CNTM,AEDM,CNDS,ANKL,CETL,AETM,CNKS,BEKL,CEDL,BNTS,CEKM,BEDS,CNTL,AEKL,CEKS,AEDS,CETM,ANDL,CEKS,AEDL,CETM,ANKL,CEKS,AEDL,CETM,ANGM,CETS,AETM,CNTS,ANTM,CEKS,AEDM,CNKS,ANGM,CEKS,AEKL,CNDS,ANTM,CNTS,AEDM,CEDM,AETL",0
Cc1csc(n1)c1cccnc1,MALIPDLAMETWLLLAVSLVLLYLYGTHSHGLFKKLGIPGPTPLPFLGNILSYHKGFCMFDMECHKKYGKVWGFYDGQQPVLAITDPDMIKTVLVKECYSVFTNRRPFGPVGFMKSAISIAEDEEWKRLRSLLSPTFTSGKLKEMVPIIAQYGDVLVRNLRREAETGKPVTLKDVFGAYSMDVITSTSFGVNIDSLNNPQDPFVENTKKLLRFDFLDPFFLSITVFPFLIPILEVLNICVFPREVTNFLRKSVKRMKESRLEDTQKHRVDFLQLMIDSQNSKETESHKALSDLELVAQSIIFIFAGYETTSSVLSFIMYELATHPDVQQKLQEEIDAVLPNKAPPTYDTVLQMEYLDMVVNETLRLFPIAMRLERVCKKDVEINGMFIPKGVVVMIPSYALHRDPKYWTEPEKFLPERFSKKNKDNIDPYIYTPFGSGPRNCIGMRFALMNMKLALIRVLQNFSFKPCKETQIPLKLSLGGLLQPEKPVVLKVESRDGTVSGA,4.640164518,"ANGL,CEKS,AEKS,CEGM,AEKL,BNGL,AEDM,CETM,AEKS,CEDS,AEDL,CEKS,ANTL,CETM,AEDS,CEDM,AEGL,CEGS,AEKL,CEDM,AETM,CEKM,ANDL,CEGM,ANDL,CNKM,BEGM,CEKS,ANGM,CEKL,ANGL,CETL,BEDS,CEDM",0
O=C(c1cc(C2COCC2)c2c(c1)ccc(c2)C(=N)N)Nc1ccccc1,MNPLLILTFVAAALAAPFDDDDKIVGGYNCEENSVPYQVSLNSGYHFCGGSLINEQWVVSAGHCYKSRIQVRLGEHNIEVLEGNEQFINAAKIIRHPQYDRKTLNNDIMLIKLSSRAVINARVSTISLPTAPPATGTKCLISGWGNTASSGADYPDELQCLDAPVLSQAKCEASYPGKITSNMFCVGFLEGGKDSCQGDSGGPVVCNGQLQGVVSWGDGCAQKNKPGVYTKVYNYVKWIKNTIAANS,7.522878745,"BNGM,ANGS,CEDL,BNTS,CETS,BNTL,CEDL,BEKM,CEKM,BNGS,CETL,BNTS,CEDM,BNDS,AETM,CETL,BNTM,CEKM,BNTS,AETL",1
Fc1cnc2c(c1)c(c[nH]2)c1ncc(c(n1)NC1C2CCC(C1S(=O)(=O)C)CC2)F,MGSNKSKPKDASQRRRSLEPAENVHGAGGGAFPASQTPSKPASADGHRGPSAAFAPAAAEPKLFGGFNSSDTVTSPQRAGPLAGGVTTFVALYDYESRTETDLSFKKGERLQIVNNTEGDWWLAHSLSTGQTGYIPSNYVAPSDSIQAEEWYFGKITRRESERLLLNAENPRGTFLVRESETTKGAYCLSVSDFDNAKGLNVKHYKIRKLDSGGFYITSRTQFNSLQQLVAYYSKHADGLCHRLTTVCPTSKPQTQGLAKDAWEIPRESLRLEVKLGQGCFGEVWMGTWNGTTRVAIKTLKPGTMSPEAFLQEAQVMKKLRHEKLVQLYAVVSEEPIYIVTEYMSKGSLLDFLKGETGKYLRLPQLVDMAAQIASGMAYVERMNYVHRDLRAANILVGENLVCKVADFGLARLIEDNEYTARQGAKFPIKWTAPEAALYGRFTIKSDVWSFGILLTELTTKGRVPYPGMVNREVLDQVERGYRMPCPPECPESLHDLMCQCWRKEPEERPTFEYLQAFLEDYFTSTEPQYQPGENL,5.508638306,"CEKL,BETS,CEDS,BEGS,CETS,BETS,CETL,ANKM,CETM,BNDS,CETS,BNDM,CEKS,BNKM,CETM,AETM,CEKL,BEDM,CEGS,BNGM,CETS,BNKM,CETS,AEDM,CEKS,BNGM,CEDS,BNDS,CETS,ANDS,CEKM,ANGL,CEKM,AEGM,CEDL,ANGM,CEKS,ANDL,CEKM,AEDM,CEKM,AEDM,CEDM,AEDM,CETL",0
CC(CN1CC2(c3c1ccc(c3)F)CC2)NC(=O)OC(C(=O)N1CCOCC1)CC1CCCCC1,MKRLVCVLLVCSSAVAQLHKDPTLDHHWHLWKKTYGKQYKEKNEEAVRRLIWEKNLKFVMLHNLEHSMGMHSYDLGMNHLGDMTSEEVMSLMSSLRVPSQWQRNITYKSNPNRILPDSVDWREKGCVTEVKYQGSCGACWAFSAVGALEAQLKLKTGKLVSLSAQNLVDCSTEKYGNKGCNGGFMTTAFQYIIDNKGIDSDASYPYKAMDQKCQYDSKYRAATCSKYTELPYGREDVLKEAVANKGPVSVGVDARHPSFFLYRSGVYYEPSCTQNVNHGVLVVGYGDLNGKEYWLVKNSWGHNFGEEGYIRMARNKGNHCGIASFPSYPEI,6.913640169,"ANGL,CEKS,AEKM,CEKS,AEKL,CNDL,AEDS,CETL,ANGL,CEKS,ANTM,CETM,ANTM,CETL,AEDM,CEKS,BNGS,CETL,BEGL,CNTM,BNDM,CNTL",1
OC(=O)CC1C(CNC1C(=O)O)C(=C)C,MERSTVLIQPGLWTRDTSWTLLYFLCYILPQTSPQVLRIGGIFETVENEPVNVEELAFKFAVTSINRNRTLMPNTTLTYDIQRINLFDSFEASRRACDQLALGVAALFGPSHSSSVSAVQSICNALEVPHIQTRWKHPSVDSRDLFYINLYPDYAAISRAVLDLVLYYNWKTVTVVYEDSTGLIRLQELIKAPSRYNIKIKIRQLPPANKDAKPLLKEMKKSKEFYVIFDCSHETAAEILKQILFMGMMTEYYHYFFTTLDLFALDLELYRYSGVNMTGFRKLNIDNPHVSSIIEKWSMERLQAPPRPETGLLDGMMTTEAALMYDAVYMVAIASHRASQLTVSSLQCHRHKPCALGPRFMNLIKEARWDGLTGRITFNKTDGLRKDFDLDIISLKEEGTEKASGEVSKHLYKVWKKIGIWNSNSGLNMTDGNRDRSNNITDSLANRTLIVTTILEEPYVMYRKSDKPLYGNDRFEAYCLDLLKELSNILGFLYDVKLVPDGKYGAQNDKGEWNGMVKELIDHRADLAVAPLTITYVREKVIDFSKPFMTLGISILYRKPNGTNPGVFSFLNPLSPDIWMYVLLACLGVSCVLFVIARFTPYEWYNPHPCNPDSDVVENNFTLLNSFWFGVGALMQQGSELMPKALSTRIVGGIWWFFTLIIISSYTANLAAFLTVERMESPIDSADDLAKQTKIEYGAVRDGSTMTFFKKSKISTYEKMWAFMSSRQQSALVKNSDEGIQRVLTTDYALLMESTSIEYVTQRNCNLTQIGGLIDSKGYGVGTPIGSPYRDKITIAILQLQEEGKLHMMKEKWWRGNGCPEEDSKEASALGVENIGGIFIVLAAGLVLSVFVAIGEFLYKSRKNNDVEQKGKSSRLRFYFRNKVRFHGSKKESLGVEKCLSFNAIMEELGISLKNQKKLKKKSRTKGKSSFTSILTCHQRRTQRKETVA,7.632173984,"CEGM,AETM,CETM,BNGM,CEDM,ANDM,CETM,BETM,CEDS,AEDM,CNGM,ANTM,CNKL,ANGM,CETS,BNTS,CEDS,ANKM,CETS,BEKS,CEGM,AEKM,CEDS,BNDS,AEDM,CNDL,BNTS,CEDS,AEKM,CEGL,ANGL,CEKL,AEKM,CEDS,BEGM,CEDM,BNDS,CEDM,BEKM,CETL,BNTS,CEDL,AEDL,BEGM,CEDM,ANGM,CNDM,AEKM,CNDS,BNGM,CETL,AEGL,CETL,ANGM,CETM,AEGL,CEDM,AEDS,CETS,BNDS,CEDS,AEKM,CEKS,AETM,CETS,AEDM,BNDM,ANTM,CETM,BNGM,CETS,AEKL,CEDL,AEGL,CEKM,AEKM,CEKL,AEDM,CEKL",1
NCc1c(C)nc2c(c1c1ccc(cc1Cl)Cl)CN(C2=O)CC(=O)N(C)C,MWKRSEQMKIKSGKCNMAAAMETEQLGVEIFETADCEENIESQDRPKLEPFYVERYSWSQLKKLLADTRKYHGYMMAKAPHDFMFVKRNDPDGPHSDRIYYLAMSGENRENTLFYSEIPKTINRAAVLMLSWKPLLDLFQATLDYGMYSREEELLRERKRIGTVGIASYDYHQGSGTFLFQAGSGIYHVKDGGPQGFTQQPLRPNLVETSCPNIRMDPKLCPADPDWIAFIHSNDIWISNIVTREERRLTYVHNELANMEEDARSAGVATFVLQEEFDRYSGYWWCPKAETTPSGGKILRILYEENDESEVEIIHVTSPMLETRRADSFRYPKTGTANPKVTFKMSEIMIDAEGRIIDVIDKELIQPFEILFEGVEYIARAGWTPEGKYAWSILLDRSQTRLQIVLISPELFIPVEDDVMERQRLIESVPDSVTPLIIYEETTDIWINIHDIFHVFPQSHEEEIEFIFASECKTGFRHLYKITSILKESKYKRSSGGLPAPSDFKCPIKEEIAITSGEWEVLGRHGSNIQVDEVRRLVYFEGTKDSPLEHHLYVVSYVNPGEVTRLTDRGYSHSCCISQHCDFFISKYSNQKNPHCVSLYKLSSPEDDPTCKTKEFWATILDSAGPLPDYTPPEIFSFESTTGFTLYGMLYKPHDLQPGKKYPTVLFIYGGPQVQLVNNRFKGVKYFRLNTLASLGYVVVVIDNRGSCHRGLKFEGAFKYKMGQIEIDDQVEGLQYLASRYDFIDLDRVGIHGWSYGGYLSLMALMQRSDIFRVAIAGAPVTLWIFYDTGYTERYMGHPDQNEQGYYLGSVAMQAEKFPSEPNRLLLLHGFLDENVHFAHTSILLSFLVRAGKPYDLQIYPQERHSIRVPESGEHYELHLLHYLQENLGSRIAALKVI,5.570570736,"CEKL,BNDS,CEDL,AEKM,CEKM,BNKS,CEDS,BNKM,CEDS,BNTM,CEGL,AEDM,CETL,BNGM,CETL,BNDS,CEDS,BNGM,CEDL,ANDS,CETL,BNDM,CEDS,BNKS,CEGS,BEKM,CNTM,BNKM,CEDS,BEDM,CEDM,BNGM,CEDS,BNGS,CNTS,BNGS,CEDM,AEDM,CNDS,BNDS,CEDL,BNDM,CNKS,BNKM,CEKL,BNDS,CNDM,BNTS,CETM,BETS,CETS,BNTS,CEKS,BNTM,CEDM,BEGM,CEDM,BEDS,CETS,BNTS,CEKM,BNKM,CNTL,ANTM,CNGS,BNGS,CNKM,ANGS,CEKS,AEDM,CEDS,BNDM,ANTM,CEKM,BNGS,CNGS,ANTM,CNKS,AETL,CNDS,BNGS,CNDM,ANGM,CNKS,BNDS,CEKM,ANKL",0
OP(=O)(CP(=O)(O)O)O,MAPLCPSPWLPLLIPAPAPGLTVQLLLSLLLLVPVHPQRLPRMQEDSPLGGGSSGEDDPLGEEDLPSEEDSPREEDPPGEEDLPGEEDLPGEEDLPEVKPKSEEEGSLKLEDLPTVEAPGDPQEPQNNAHRDKEGDDQSHWRYGGDPPWPRVSPACAGRFQSPVDIRPQLAAFCPALRPLELLGFQLPPLPELRLRNNGHSVQLTLPPGLEMALGPGREYRALQLHLHWGAAGRPGSEHTVEGHRFPAEIHVVHLSTAFARVDEALGRPGGLAVLAAFLEEGPEENSAYEQLLSRLEEIAEEGSETQVPGLDISALLPSDFSRYFQYEGSLTTPPCAQGVIWTVFNQTVMLSAKQLHTLSDTLWGPGDSRLQLNFRATQPLNGRVIEASFPAGVDSSPRAAEPVQLNSCLAAGDILALVFGLLFAVTSVAFLVQMRRQHRRGTKGGVSYRPAEVAETGA,3.065501549,"CEGL,ANGM,CEDL,AEGM,CNGS,BEGM,CEGL,BEKS,CEGM,BEKL,CEKL,BNKM,AEDM,CEGS,BNDM,CEDS,AETS,CEDL,BNTS,CETM,BNGS,CETS,AETM,CEGL,ANGL,CEKL",0
ONC(=O)c1nc2ccccc2n(c1=O)C1CCN(CC1)C1CCCCCCC1,MEPAPSAGAELQPPLFANASDAYPSACPSAGANASGPPGARSASSLALAIAITALYSAVCAVGLLGNVLVMFGIVRYTKMKTATNIYIFNLALADALATSTLPFQSAKYLMETWPFGELLCKAVLSIDYYNMFTSIFTLTMMSVDRYIAVCHPVKALDFRTPAKAKLINICIWVLASGVGVPIMVMAVTRPRDGAVVCMLQFPSPSWYWDTVTKICVFLFAFVVPILIITVCYGLMLLRLRSVRLLSGSKEKDRSLRRITRMVLVVVGAFVVCWAPIHIFVIVWTLVDIDRRDPLVVAALHLCIALGYANSSLNPVLYAFLDENFKRCFRQLCRKPCGRPDPSSFSRAREATARERVTACTPSDGPGGGAAA,4.271321633,"CEGL,AEGL,CEDS,AEGL,BEGM,CETS,AEGL,CETM,AEKL,CEDS,AEGL,CEKL",0
ONC(=O)CC(C(=O)NC(C(=O)NC(c1ccccc1)C)Cc1c[nH]c2c1cccc2)CC(C)C,MSLWQPLVLVLLVLGCCFAAPRQRQSTLVLFPGDLRTNLTDRQLAEEYLYRYGYTRVAEMRGESKSLGPALLLLQKQLSLPETGELDSATLKAMRTPRCGVPDLGRFQTFEGDLKWHHHNITYWIQNYSEDLPRAVIDDAFARAFALWSAVTPLTFTRVYSRDADIVIQFGVAEHGDGYPFDGKDGLLAHAFPPGPGIQGDAHFDDDELWSLGKGVVVPTRFGNADGAACHFPFIFEGRSYSACTTDGRSDGLPWCSTTANYDTDDRFGFCPSERLYTQDGNADGKPCQFPFIFQGQSYSACTTDGRSDGYRWCATTANYDRDKLFGFCPTRADSTVMGGNSAGELCVFPFTFLGKEYSTCTSEGRGDGRLWCATTSNFDSDKKWGFCPDQGYSLFLVAAHEFGHALGLDHSSVPEALMYPMYRFTEGPPLHKDDVNGIRHLYGPRPEPEPRPPTTTTPQPTAPPTVCPTGPPTVHPSERPTAGPTGPPSAGPTGPPTAGPSTATTVPLSPVDDACNVNIFDAIAEIGNQLYLFKDGKYWRFSEGRGSRPQGPFLIADKWPALPRKLDSVFEERLSKKLFFFSGRQVWVYTGASVLGPRRLDKLGLGADVAQVTGALRSGRGKMLLFSGRRLWRFDVKAQMVDPRSASEVDRMFPGVPLDTHDVFQYREKAYFCQDRFYWRVSSRSELNQVDQVGYVTYDILQCPED,8.431798276,"ANGL,CETL,AEDL,CEDS,AEGM,CEDM,AEGS,CEKL,BNTS,CEDM,AEGL,CETL,BNGS,CEDL,BEDM,CETL,AEDM,CETL,BETM,CETL,AEDM,CETL,BEDM,CETM,BNTM,CEDM,ANGM,CEGL,AEKM,CETL,BNKL,CEKM,BEGS,CEKL,BEGL,CEGL,BNKM,CEDL,BNKL,CEDS,BETM,CEDM",1
CON1CC2(C)OC(C1)(C)c1c2c(O)n(c1O)c1ccc(c(c1)C(F)(F)F)C#N,MEVQLGLGRVYPRPPSKTYRGAFQNLFQSVREVIQNPGPRHPEAASAAPPGASLLLLQQQQQQQQQQQQQQQQQQQQQETSPRQQQQQQGEDGSPQAHRRGPTGYLVLDEEQQPSQPQSALECHPERGCVPEPGAAVAASKGLPQQLPAPPDEDDSAAPSTLSLLGPTFPGLSSCSADLKDILSEASTMQLLQQQQQEAVSEGSSSGRAREASGAPTSSKDNYLGGTSTISDNAKELCKAVSVSMGLGVEALEHLSPGEQLRGDCMYAPLLGVPPAVRPTPCAPLAECKGSLLDDSAGKSTEDTAEYSPFKGGYTKGLEGESLGCSGSAAAGSSGTLELPSTLSLYKSGALDEAAAYQSRDYYNFPLALAGPPPPPPPPHPHARIKLENPLDYGSAWAAAAAQCRYGDLASLHGAGAAGPGSGSPSAAASSSWHTLFTAEEGQLYGPCGGGGGGGGGGGGGGGGGGGGGGGGEAGAVAPYGYTRPPQGLAGQESDFTAPDVWYPGGMVSRVPYPSPTCVKSEMGPWMDSYSGPYGDMRLETARDHVLPIDYYFPPQKTCLICGDEASGCHYGALTCGSCKVFFKRAAEGKQKYLCASRNDCTIDKFRRKNCPSCRLRKCYEAGMTLGARKLKKLGNLKLQEEGEASSTTSPTEETTQKLTVSHIEGYECQPIFLNVLEAIEPGVVCAGHDNNQPDSFAALLSSLNELGERQLVHVVKWAKALPGFRNLHVDDQMAVIQYSWMGLMVFAMGWRSFTNVNSRMLYFAPDLVFNEYRMHKSRMYSQCVRMRHLSQEFGWLQITPQEFLCMKALLLFSIIPVDGLKNQKFFDELRMNYIKELDRIIACKRKNPTSCSRRFYQLTKLLDSVQPIARELHQFTFDLLIKSHMVSVDFPEMMAEIISVQVPKILSGKVKPIYFHTQ,8.431798276,"CEKL,AEGM,CEGL,AETL,CEDS,AETS,CEDL,AETL,CETL,AEDM,CEGL,ANGS,CEGL,ANKM,CEKL,AEKM,CETL,AEGM,CEDL,ANKL,CEGS,ANGL,CETS,BNGM,AEKS,CEKS,AETL,CETS,ANGM,CEGM,AEDL,CEKS,AETL,CEKM,AEGM,CEKM",1
Cc1ccc(cc1)C1CC2CCC(C1c1ccccc1)N2C,METTPLNSQKQLSACEDGEDCQENGVLQKVVPTPGDKVESGQISNGYSAVPSPGAGDDTRHSIPATTTTLVAELHQGERETWGKKVDFLLSVIGYAVDLGNVWRFPYICYQNGGGAFLLPYTIMAIFGGIPLFYMELALGQYHRNGCISIWRKICPIFKGIGYAICIIAFYIASYYNTIMAWALYYLISSFTDQLPWTSCKNSWNTGNCTNYFSEDNITWTLHSTSPAEEFYTRHVLQIHRSKGLQDLGGISWQLALCIMLIFTVIYFSIWKGVKTSGKVVWVTATFPYIILSVLLVRGATLPGAWRGVLFYLKPNWQKLLETGVWIDAAAQIFFSLGPGFGVLLAFASYNKFNNNCYQDALVTSVVNCMTSFVSGFVIFTVLGYMAEMRNEDVSEVAKDAGPSLLFITYAEAIANMPASTFFAIIFFLMLITLGLDSTFAGLEGVITAVLDEFPHVWAKRRERFVLAVVITCFFGSLVTLTFGGAYVVKLLEEYATGPAVLTVALIEAVAVSWFYGITQFCRDVKEMLGFSPGWFWRICWVAISPLFLLFIICSFLMSPPQLRLFQYNYPYWSIILGYCIGTSSFICIPTYIAYRLIITPGTFKERIIKSITPETPTEIPCGDIRLNAV,7.0,"CEDL,ANGL,CNGS,ANGL,CEKS,ANGL,CETL,ANDM,CEKM,AEGL,CEKS,AEGL,CEGS,AEGM,CEKS,AEGL,CNGS,ANGS,CETS,AETL,CEDM,ANGM,CEGS,ANGL,CEKM,AEGM,CNTS,ANGL,CEGS,AEGL,CETM,AETL,CETS,AEKM,CEDL",1
OC(=O)COc1c(sc(c1Br)c1ccccc1)c1n[nH]nn1,MEMEKEFEQIDKSGSWAAIYQDIRHEASDFPCRVAKLPKNKNRNRYRDVSPFDHSRIKLHQEDNDYINASLIKMEEAQRSYILTQGPLPNTCGHFWEMVWEQKSRGVVMLNRVMEKGSLKCAQYWPQKEEKEMIFEDTNLKLTLISEDIKSYYTVRQLELENLTTQETREILHFHYTTWPDFGVPESPASFLNFLFKVRESGSLSPEHGPVVVHCSAGIGRSGTFCLADTCLLLMDKRKDPSSVDIKKVLLEMRKFRMGLIQTADQLRFSYLAVIEGAKFIMGDSSVQDQWKELSHEDLEPPPEHIPPPPRPPKRILEPHNGKCREFFPNHQWVKEETQEDKDCPIKEEKGSPLNAAPYGIESMSQDTEVRSRVVGGSLRGAQAASPAKGEPSLPEKDEDHALSYWKPFLVNMCVATVLTAGAYLCYRFLFNSNT,4.698970004,"AEDL,CEKM,AEKS,CEKL,BNTM,CEDS,BNTS,CNTS,ANDM,BNKM,CEDL,BEDM,CETS,BNDM,CETS,BEKM,CEDM,AEKM,CNGL,ANTL,CEKS,AEDM,CEKM,AEGL,CEDS,AEDM,CEDL,AEKS,CEGS,AEGS,CEGM,AEDL,BNTS,ANTM,CETS",0
C1CN=C(N1)c1ccc2c(c1)cccc2,MTDLEKPNLAGHMFDVGLIGGGISGLAAAKLLSEYKINVLVLEARDRVGGRTYTVRNEHVKWVDVGGAYVGPTQNRILRLSKELGIETYKVNVNERLVQYVKGKTYPFRGAFPPVWNPLAYLDYNNLWRTMDEMGKEIPVDAPWQARHAQEWDKMTMKDLIDKICWTKTAREFAYLFVNINVTSEPHEVSALWFLWYVRQCGGTARIFSVTNGGQERKFVGGSGQVSEQIMGLLGDKVKLSSPVTYIDQTDDNIIVETLNHEHYECKYVISAIPPILTAKIHFKPELPPERNQLIQRLPMGAVIKCMVYYKEAFWKKKDYCGCMIIEDEEAPIAITLDDTKPDGSLPAIMGFILARKADRQAKLHKDIRKRKICELYAKVLGSQEALYPVHYEEKNWCEEQYSGGCYTAYFPPGIMTQYGRVIRQPVGRIYFAGTETATQWSGYMEGAVEAGERAAREVLNALGKVAKKDIWVEEPESKDVPAIEITHTFLERNLPSVPGLLKITGVSTSVALLCFVLYKIKKLPC,4.857297754,"CEDM,BNGS,CNGS,ANGM,CNKL,AEKM,CEDM,BNTS,CEKL,ANDL,CEDM,AEDL,CETS,ANGM,CNDS,ANGM,CEGS,ANKS,CNTM,AEDM,CETS,BNDS,CEDS,BNDS,CEDS,BETM,CNGS,ANGS,CEKM,AETM,CEKS,BNGM,CEDS,BEKM,CEDS,BNDS,CEDM,BNGS,AEKM,CEKS,AEKL,CETM,BNDS,CNTL,AETS,CEKS,BNGM,CNTS,ANDL,CEDL,AEDS,CEGS,AEGL,CEKS",0
CC(Cn1c(Br)nc2c1ncnc2N)C,MLLETQDALYVALELVIAALSVAGNVLVCAAVGTANTLQTPTNYFLVSLAAADVAVGLFAIPFAITISLGFCTDFYGCLFLACFVLVLTQSSIFSLLAVAVDRYLAICVPLRYKSLVTGTRARGVIAVLWVLAFGIGLTPFLGWNSKDSATNNCTEPWDGTTNESCCLVKCLFENVVPMSYMVYFNFFGCVLPPLLIMLVIYIKIFLVACRQLQRTELMDHSRTTLQREIHAAKSLAMIVGIFALCWLPVHAVNCVTLFQPAQGKNKPKWAMNMAILLSHANSVVNPIVYAYRNRDFRYTFHKIISRYLLCQADVKSGNGQAGVQPALGVGL,5.37675071,"CEDS,ANGL,CEGS,ANGL,CETL,AEGL,CEKM,ANKL,CEGL",0
c1ccc(cc1)CN1CCC2(CC1)CCc1c(S2)cccc1,MDPLNLSWYDDDLERQNWSRPFNGSEGKADRPHYNYYAMLLTLLIFIIVFGNVLVCMAVSREKALQTTTNYLIVSLAVADLLVATLVMPWVVYLEVVGEWKFSRIHCDIFVTLDVMMCTASILNLCAISIDRYTAVAMPMLYNTRYSSKRRVTVMIAIVWVLSFTISCPLLFGLNNTDQNECIIANPAFVVYSSIVSFYVPFIVTLLVYIKIYIVLRKRRKRVNTKRSSRAFRANLKTPLKGNCTHPEDMKLCTVIMKSNGSFPVNRRRMDAARRAQELEMEMLSSTSPPERTRYSPIPPSHHQLTLPDPSHHGLHSNPDSPAKPEKNGHAKIVNPRIAKFFEIQTMPNGKTRTSLKTMSRRKLSQQKEKKATQMLAIVLGVFIICWLPFFITHILNIHCDCNIPPVLYSAFTWLGYVNSAVNPIIYTTFNIEFRKAFMKILHC,4.982966661,"CEDL,AEGL,CEDS,ANTL,CETM,AEGL,CETM,AEKL,BEKS,CEKS,AEKL,CEDS,AETL,CEDS,AEKS,CETS,AEDS,CEDS,AEKM,CEKS,AEKL,CEKM,AEGL,CETS,AETL,CEKS",0
OC(=O)CCc1ccc(cc1C(=O)NC(c1ccccc1)c1ccccc1)COc1ccccc1,MASMWAPEHSAEAHSNLSSTTDDCGSVSVAFPITMMVTGFVGNALAMLLVSRSYRRRESKRKKSFLLCIGWLALTDLVGQLLTSPVVILVYLSQRRWEQLDPSGRLCTFFGLTMTVFGLSSLLVASAMAVERALAIRAPHWYASHMKTRATPVLLGVWLSVLAFALLPVLGVGRYSVQWPGTWCFISTGPAGNETDPAREPGSVAFASAFACLGLLALVVTFACNLATIKALVSRCRAKAAVSQSSAQWGRITTETAIQLMGIMCVLSVCWSPLLIMMLKMIFNQMSVEQCKTQMGKEKECNSFLIAVRLASLNQILDPWVYLLLRKILLRKFCQIRDHTNYASSSTSLPCPGSSALMWSDQLER,8.113509275,"CETL,AEGL,CEKM,AEGL,CEKS,AEGL,CEGL,AEGL,CETM,AEGL,CEKM,AEGL,CEKS,AEKS,CETL",1
c1ccc(cc1)Cc1nnn(c1)CCCCc1cnc[nH]1,MERAPPDGPLNASGALAGEAAAAGGARGFSAAWTAVLAALMALLIVATVLGNALVMLAFVADSSLRTQNNFFLLNLAISDFLVGAFCIPLYVPYVLTGRWTFGRGLCKLWLVVDYLLCTSSAFNIVLISYDRFLSVTRAVSYRAQQGDTRRAVRKMLLVWVLAFLLYGPAILSWEYLSGGSSIPEGHCYAEFFYNWYFLITASTLEFFTPFLSVTFFNLSIYLNIQRRTRLRLDGAREAAGPEPPPEAQPSPPPPPGCWGCWQKGHGEAMPLHRYGVGEAAVGAEAGEATLGGGGGGGSVASPTSSSGSSSRGTERPRSLKRGSKPSASSASLEKRMKMVSQSFTQRFRLSRDRKVAKSLAVIVSIFGLCWAPYTLLMIIRAACHGHCVPDYWYETSFWLLWANSAVNPVLYPLCHHSFRRAFTKLLCPQKLKIQPHSSLEHCWK,6.230002696,"CEGL,ANGL,BNGS,CETS,ANGL,CEKS,BNGM,ANTL,CETM,ANKL,CETL,ANTL,CEKL,ANKS,BNGM,ANGM,CEKS,ANTL,CEKL",0
CCCC(=O)NCCC1Cc2c3c1c(OC)ccc3ccc2,MQGNGSALPNASQPVLRGDGARPSWLASALACVLIFTIVVDILGNLLVILSVYRNKKLRNAGNIFVVSLAVADLVVAIYPYPLVLMSIFNNGWNLGYLHCQVSGFLMGLSVIGSIFNITGIAINRYCYICHSLKYDKLYSSKNSLCYVLLIWLLTLAAVLPNLRAGTLQYDPRIYSCTFAQSVSSAYTIAVVVFHFLVPMIIVIFCYLRIWILVLQVRQRVKPDRKPKLKPQDFRNFVTMFVVFVLFAICWAPLNFIGLAVASDPASMVPRIPEWLFVASYYMAYFNSCLNAIIYGLLNQNFRKEYRRIIVSLCTARVFFVDSSNDVADRVKWKPSPLMTNNNVVKVDSV,9.431798276,"CEGL,ANGL,CEGS,ANTL,CNKS,ANTL,CNGS,BNGS,CEDS,BNTS,CETS,ANGL,CEKM,AEGL,CEGL,ANTL,CEKS,ANKM,CETL",1
O=C(c1sc2c(c1N)cc(c(=O)[nH]2)C(=O)O)c1ccccc1,MENTENSVDSKSIKNLEPKIIHGSESMDSGISLDNSYKMDYPEMGLCIIINNKNFHKSTGMTSRSGTDVDAANLRETFRNLKYEVRNKNDLTREEIVELMRDVSKEDHSKRSSFVCVLLSHGEEGIIFGTNGPVDLKKITNFFRGDRCRSLTGKPKLFIIQACRGTELDCGIETDSGVDDDMACHKIPVEADFLYAYSTAPGYYSWRNSKDGSWFIQSLCAMLKQYADKLEFMHILTRVNRKVATEFESFSFDATFHAKKQIPCIVSMLTKELYFYH,4.0,"CEDL,BNGM,CEKM,AEDM,CEKS,BEKS,CEDS,AEDM,CEKS,BNGL,AETM,CNKM,BNGS,CEDL,BNTS,CNTM,ANTM,CEDS,ANKM,CEKL",0
CC1CCCN1CCc1ccc(cc1)c1ccc(cc1)S(=O)(=O)C(C)C,MERAPPDGLMNASGTLAGEAAAAGGARGFSAAWTAVLAALMALLIVATVLGNALVMLAFVADSSLRTQNNFFLLNLAISDFLVGAFCIPLYVPYVLTGRWTFGRGLCKLWLVVDYLLCASSVFNIVLISYDRFLSVTRAVSYRAQQGDTRRAVRKMALVWVLAFLLYGPAILSWEYLSGGSSIPEGHCYAEFFYNWYFLITASTLEFFTPFLSVTFFNLSIYLNIQRRTRLRLDGGREAGPEPPPDAQPSPPPAPPSCWGCWPKGHGEAMPLHRYGVGEAGPGVEAGEAALGGGSGGGAAASPTSSSGSSSRGTERPRSLKRGSKPSASSASLEKRMKMVSQSITQRFRLSRDKKVAKSLAIIVSIFGLCWAPYTLLMIIRAACHGRCIPDYWYETSFWLLWANSAVNPVLYPLCHYSFRRAFTKLLCPQKLKVQPHGSLEQCWK,8.576754126,"CEGL,AEGL,CEKM,ANTL,CETM,AEGL,CEDM,AETL,CEGL,ANDM,CETL,AEKL,CEKS,AETL,CEKL",1
OCc1ccc(nc1)c1cnc(o1)C(=O)CCCCCCc1ccccc1,MVLSEVWTTLSGVSGVCLACSLLSAAVVLRWTGRQKARGAATRARQKQRASLETMDKAVQRFRLQNPDLDSEALLTLPLLQLVQKLQSGELSPEAVFFTYLGKAWEVNKGTNCVTSYLTDCETQLSQAPRQGLLYGVPVSLKECFSYKGHDSTLGLSLNEGMPSESDCVVVQVLKLQGAVPFVHTNVPQSMLSFDCSNPLFGQTMNPWKSSKSPGGSSGGEGALIGSGGSPLGLGTDIGGSIRFPSAFCGICGLKPTGNRLSKSGLKGCVYGQTAVQLSLGPMARDVESLALCLKALLCEHLFTLDPTVPPLPFREEVYRSSRPLRVGYYETDNYTMPSPAMRRALIETKQRLEAAGHTLIPFLPNNIPYALEVLSAGGLFSDGGRSFLQNFKGDFVDPCLGDLILILRLPSWFKRLLSLLLKPLFPRLAAFLNSMRPRSAEKLWKLQHEIEMYRQSVIAQWKAMNLDVLLTPMLGPALDLNTPGRATGAISYTVLYNCLDFPAGVVPVTTVTAEDDAQMELYKGYFGDIWDIILKKAMKNSVGLPVAVQCVALPWQEELCLRFMREVEQLMTPQKQPS,8.494850022,"CEGS,AEGL,CEKS,AEKL,CEDS,AEDS,CEGS,AETM,CEDS,ANGL,CNTM,AETS,CEGM,BNKS,CEDL,ANGM,CNGS,BNGS,CNTL,ANGM,CNTS,BNDS,CNGS,ANGS,CETL,BNGS,ANDM,CEDL,AEKL,CEGM,ANGL,CEDM,AEGM,CEKS,AEKM,CEKS,ANGM,CEKS,AEKL,CEDS,BNGS,CNGM,ANTM,CNDS,BNGM,AEDM,CEDS,AEKM,CETS,BNGS,CNGS,ANDM,CETS",1
Nc1scc(c1)CNC(=O)C1CCCN1C(=O)C(NS(=O)(=O)Cc1ccccc1)Cc1ccc(c(c1)Cl)Cl,MAHVRGLQLPGCLALAALCSLVHSQHVFLAPQQARSLLQRVRRANTFLEEVRKGNLERECVEETCSYEEAFEALESSTATDVFWAKYTACETARTPRDKLAACLEGNCAEGLGTNYRGHVNITRSGIECQLWRSRYPHKPEINSTTHPGADLQENFCRNPDSSTTGPWCYTTDPTVRRQECSIPVCGQDQVTVAMTPRSEGSSVNLSPPLEQCVPDRGQQYQGRLAVTTHGLPCLAWASAQAKALSKHQDFNSAVQLVENFCRNPDGDEEGVWCYVAGKPGDFGYCDLNYCEEAVEEETGDGLDEDSDRAIEGRTATSEYQTFFNPRTFGSGEADCGLRPLFEKKSLEDKTERELLESYIDGRIVEGSDAEIGMSPWQVMLFRKSPQELLCGASLISDRWVLTAAHCLLYPPWDKNFTENDLLVRIGKHSRTRYERNIEKISMLEKIYIHPRYNWRENLDRDIALMKLKKPVAFSDYIHPVCLPDRETAASLLQAGYKGRVTGWGNLKETWTANVGKGQPSVLQVVNLPIVERPVCKDSTRIRITDNMFCAGYKPDEGKRGDACEGDSGGPFVMKSPFNNRWYQMGIVSWGEGCDRDGKYGFYTHVFRLKKWIQKVIDQFGE,6.886056648,"ANGL,CNKS,AEKL,CEDS,AEKM,CEDS,ANDS,CETS,AEGM,CETS,AEKM,CEDL,AEDS,CEDL,BNGS,CETS,BNGM,CNDS,BNGL,CEKM,BEKM,CNKM,BNGS,CEKL,AEDS,CETS,BNKS,CETL,BNGM,AEDM,CEDL,BNGS,CETS,BNGM,CEDM,BNTS,AEKM,CEDS",1
CCC(=O)Nc1nc(cc(n1)c1ccccc1)c1ccccc1,MPIMGSSVYITVELAIAVLAILGNVLVCWAVWLNSNLQNVTNYFVVSLAAADIAVGVLAIPFAITISTGFCAACHGCLFIACFVLVLTQSSIFSLLAIAIDRYIAIRIPLRYNGLVTGTRAKGIIAICWVLSFAIGLTPMLGWNNCGQPKEGKNHSQGCGEGQVACLFEDVVPMNYMVYFNFFACVLVPLLLMLGVYLRIFLAARRQLKQMESQPLPGERARSTLQKEVHAAKSLAIIVGLFALCWLPLHIINCFTFFCPDCSHAPLWLMYLAIVLSHTNSVVNPFIYAYRIREFRQTFRKIIRSHVLRQQEPFKAAGTSARVLAAHGSDGEQVSLRLNGHPPGVWANGSAPHPERRPNGYALGLVSGGSAQESQGNTGLPDVELLSHELKGVCPEPPGLDDPLAQDGAGVS,6.152819388,"AEGL,CEGS,AEGL,CETM,AEKS,CEDS,AEGL,CEGS,AEGL,CETM,AEKL,CETS,AEDS,CEGL",0
FCCCN1C2CCC1C(C(C2)c1ccc(cc1)Cl)CN(C)C,MSKSKCSVGLMSSVVAPAKEPNAVGPKEVELILVKEQNGVQLTSSTLTNPRQSPVEAQDRETWGKKIDFLLSVIGFAVDLANVWRFPYLCYKNGGGAFLVPYLLFMVIAGMPLFYMELALGQFNREGAAGVWKICPILKGVGFTVILISLYVGFFYNVIIAWALHYLFSSFTTELPWIHCNNSWNSPNCSDAHPGDSSGDSSGLNDTFGTTPAAEYFERGVLHLHQSHGIDDLGPPRWQLTACLVLVIVLLYFSLWKGVKTSGKVVWITATMPYVVLTALLLRGVTLPGAIDGIRAYLSVDFYRLCEASVWIDAATQVCFSLGVGFGVLIAFSSYNKFTNNCYRDAIVTTSINSLTSFSSGFVVFSFLGYMAQKHSVPIGDVAKDGPGLIFIIYPEAIATLPLSSAWAVVFFIMLLTLGIDSAMGGMESVITGLIDEFQLLHRHRELFTLFIVLATFLLSLFCVTNGGIYVFTLLDHFAAGTSILFGVLIEAIGVAWFYGVGQFSDDIQQMTGQRPSLYWRLCWKLVSPCFLLFVVVVSIVTFRPPHYGAYIFPDWANALGWVIATSSMAMVPIYAAYKFCSLPGSFREKLAYAIAPEKDRELVDRGEVRQFTLRHWLKV,7.57024772,"CETL,ANGL,CEDS,ANGL,CETL,AEDL,CEKM,ANGL,CEKS,ANGL,CNGS,ANGM,CEDS,ANTL,CNGS,ANGS,CETS,ANTL,CEDM,ANGM,CEGS,ANGL,CNGS,ANGL,CETS,ANGL,CEKS,ANGL,CETS,AEKM,CEDM,AEKM,CEKS",1
CCCc1c(OCCCCOc2cccc(c2)C(=O)O)ccc2c1onc2c1ccccc1,MEQPQEEAPEVREEEEKEEVAEAEGAPELNGGPQHALPSSSYTDLSRSSSPPSLLDQLQMGCDGASCGSLNMECRVCGDKASGFHYGVHACEGCKGFFRRTIRMKLEYEKCERSCKIQKKNRNKCQYCRFQKCLALGMSHNAIRFGRMPEAEKRKLVAGLTANEGSQYNPQVADLKAFSKHIYNAYLKNFNMTKKKARSILTGKASHTAPFVIHDIETLWQAEKGLVWKQLVNGLPPYKEISVHVFYRCQCTTVETVRELTEFAKSIPSFSSLFLNDQVTLLKYGVHEAIFAMLASIVNKDGLLVANGSGFVTREFLRSLRKPFSDIIEPKFEFAVKFNALELDDSDLALFIAAIILCGDRPGLMNVPRVEAIQDTILRALEFHLQANHPDAQYLFPKLLQKMADLRQLVTEHAQMMQRIKKTETETSLHPLLQEIYKDMY,6.294136288,"CEDL,BNKS,CEDS,AEKM,CEKL,AETM,CEKL,AEKL,CNTS,AEKM,CEKM,AEDM,CEGM,ANTL,CETS,ANGL,BNGM,CETS,ANKM,CEKS,ANDL,CEDS,ANDM,CEGM,AEDL,CEDS,AEKL,CEDS,AEDS,CEDS",0
Cc1cc(cc(c1Oc1ccc(c(c1)C(C)C)O)C)NC(=O)P(=O)(O)O,MTPNSMTENGLTAWDKPKHCPDREHDWKLVGMSEACLHRKSHSERRSTLKNEQSSPHLIQTTWTSSIFHLDHDDVNDQSVSSAQTFQTEEKKCKGYIPSYLDKDELCVVCGDKATGYHYRCITCEGCKGFFRRTIQKNLHPSYSCKYEGKCVIDKVTRNQCQECRFKKCIYVGMATDLVLDDSKRLAKRKLIEENREKRRREELQKSIGHKPEPTDEEWELIKTVTEAHVATNAQGSHWKQKRKFLPEDIGQAPIVNAPEGGKVDLEAFSHFTKIITPAITRVVDFAKKLPMFCELPCEDQIILLKGCCMEIMSLRAAVRYDPESETLTLNGEMAVTRGQLKNGGLGVVSDAIFDLGMSLSSFNLDDTEVALLQAVLLMSSDRPGLACVERIEKYQDSFLLAFEHYINYRKHHVTHFWPKLLMKVTDLRMIGACHASRFLHMKVECPTELFPPLFLEVFED,7.443697499,"CEDL,AEKL,CEKL,AEKM,CEDM,AEKL,CEKM,AEDL,CEKL,AEKL,CEGM,ANDL,CEDM,AEGL,CEDS,ANDM,CETM,AEDL,CEKS,AEDL",1
COc1ccc(cc1S(=O)(=O)N)c1cnc(o1)C,MAPLCPSPWLPLLIPAPAPGLTVQLLLSLLLLVPVHPQRLPRMQEDSPLGGGSSGEDDPLGEEDLPSEEDSPREEDPPGEEDLPGEEDLPGEEDLPEVKPKSEEEGSLKLEDLPTVEAPGDPQEPQNNAHRDKEGDDQSHWRYGGDPPWPRVSPACAGRFQSPVDIRPQLAAFCPALRPLELLGFQLPPLPELRLRNNGHSVQLTLPPGLEMALGPGREYRALQLHLHWGAAGRPGSEHTVEGHRFPAEIHVVHLSTAFARVDEALGRPGGLAVLAAFLEEGPEENSAYEQLLSRLEEIAEEGSETQVPGLDISALLPSDFSRYFQYEGSLTTPPCAQGVIWTVFNQTVMLSAKQLHTLSDTLWGPGDSRLQLNFRATQPLNGRVIEASFPAGVDSSPRAAEPVQLNSCLAAGDILALVFGLLFAVTSVAFLVQMRRQHRRGTKGGVSYRPAEVAETGA,6.559090918,"CEGL,ANGM,CEDL,AEGM,CNGS,BEGM,CEGL,BEKS,CEGM,BEKL,CEKL,BNKM,AEDM,CEGS,BNDM,CEDS,AETS,CEDL,BNTS,CETM,BNGS,CETS,AETM,CEGL,ANGL,CEKL",1
CC(Cc1[nH]c(=O)n(c1O)CC(=O)NC(C(=O)c1nnc(o1)C(C)(C)C)C(C)C)C,MTLGRRLACLFLACVLPALLLGGTALASEIVGGRRARPHAWPFMVSLQLRGGHFCGATLIAPNFVMSAAHCVANVNVRAVRVVLGAHNLSRREPTRQVFAVQRIFENGYDPVNLLNDIVILQLNGSATINANVQVAQLPAQGRRLGNGVQCLAMGWGLLGRNRGIASVLQELNVTVVTSLCRRSNVCTLVRGRQAGVCFGDSGSPLVCNGLIHGIASFVRGGCASGLYPDAFAPVAQFVNWIDSIIQRSEDNPCPHPRDPDPASRTH,6.13667714,"ANGM,CEGL,BNGL,ANGM,CEGS,BNGS,CEKM,BEGM,CEDM,BNGS,CETL,BNGS,CEKM,BNGM,CETL,BNGM,CEGM,BNDS,AEGM,CEKL",0
OCC1NC(=O)C(C(C)C)N(c2c3c(C1)coc3ccc2)C,MADVFPGNDSTASQDVANRFARKGALRQKNVHEVKDHKFIARFFKQPTFCSHCTDFIWGFGKQGFQCQVCCFVVHKRCHEFVTFSCPGADKGPDTDDPRSKHKFKIHTYGSPTFCDHCGSLLYGLIHQGMKCDTCDMNVHKQCVINVPSLCGMDHTEKRGRIYLKAEVADEKLHVTVRDAKNLIPMDPNGLSDPYVKLKLIPDPKNESKQKTKTIRSTLNPQWNESFTFKLKPSDKDRRLSVEIWDWDRTTRNDFMGSLSFGVSELMKMPASGWYKLLNQEEGEYYNVPIPEGDEEGNMELRQKFEKAKLGPAGNKVISPSEDRKQPSNNLDRVKLTDFNFLMVLGKGSFGKVMLADRKGTEELYAIKILKKDVVIQDDDVECTMVEKRVLALLDKPPFLTQLHSCFQTVDRLYFVMEYVNGGDLMYHIQQVGKFKEPQAVFYAAEISIGLFFLHKRGIIYRDLKLDNVMLDSEGHIKIADFGMCKEHMMDGVTTRTFCGTPDYIAPEIIAYQPYGKSVDWWAYGVLLYEMLAGQPPFDGEDEDELFQSIMEHNVSYPKSLSKEAVSVCKGLMTKHPAKRLGCGPEGERDVREHAFFRRIDWEKLENREIQPPFKPKVCGKGAENFDKFFTRGQPVLTPPDQLVIANIDQSDFEGFSYVNPQFVHPILQSAV,7.769551079,"CEDL,BEKM,CEKM,ANTM,CEKS,BETM,AEKS,CEKL,BEKL,CEDM,BNKM,CEKL,BETM,AEDS,BNDM,CEKS,BNGM,AEDS,BEGM,CEDL,BEGM,CEGS,BNKM,CEDS,BNKM,AEDS,CEDS,ANDM,CEDS,BNTM,CEDS,BNDS,CETS,AETM,CEKS,ANGL,CEDL,ANDM,CETM,ANGM,CEDM,AEDM,CETM,AEKM,CEKM,AEDS,CEKM,AEDS,CEGL",1
N#CC1(CC1)c1cc(CC(=O)O)cc(c1)c1ccnc2c1c([nH]n2)C(F)(F)F,MVVFNGLLKIKICEAVSLKPTAWSLRHAVGPRPQTFLLDPYIALNVDDSRIGQTATKQKTNSPAWHDEFVTDVCNGRKIELAVFHDAPIGYDDFVANCTIQFEELLQNGSRHFEDWIDLEPEGRVYVIIDLSGSSGEAPKDNEERVFRERMRPRKRQGAVRRRVHQVNGHKFMATYLRQPTYCSHCRDFIWGVIGKQGYQCQVCTCVVHKRCHELIITKCAGLKKQETPDQVGSQRFSVNMPHKFGIHNYKVPTFCDHCGSLLWGLLRQGLQCKVCKMNVHRRCETNVAPNCGVDARGIAKVLADLGVTPDKITNSGQRRKKLIAGAESPQPASGSSPSEEDRSKSAPTSPCDQEIKELENNIRKALSFDNRGEEHRAASSPDGQLMSPGENGEVRQGQAKRLGLDEFNFIKVLGKGSFGKVMLAELKGKDEVYAVKVLKKDVILQDDDVDCTMTEKRILALARKHPYLTQLYCCFQTKDRLFFVMEYVNGGDLMFQIQRSRKFDEPRSRFYAAEVTSALMFLHQHGVIYRDLKLDNILLDAEGHCKLADFGMCKEGILNGVTTTTFCGTPDYIAPEILQELEYGPSVDWWALGVLMYEMMAGQPPFEADNEDDLFESILHDDVLYPVWLSKEAVSILKAFMTKNPHKRLGCVASQNGEDAIKQHPFFKEIDWVLLEQKKIKPPFKPRIKTKRDVNNFDQDFTREEPVLTLVDEAIVKQINQEEFKGFSYFGEDLMP,6.350665141,"BEGL,CEKL,BEDM,CETM,BEDL,CEDS,BETM,CEDM,BEDS,CEDS,BETM,CEKL,BEKM,CEKS,BEKS,CNTS,ANTM,CETM,BEKM,CEKL,AEKM,CEDL,BEDM,CEGS,BNGM,CEDS,BNKM,AEDS,CEDS,AEDM,CEKS,BNTM,CEDS,BNGS,CNTS,AETM,CEKS,ANKL,CEDL,AEDM,CEDM,ANGM,CEDM,AEDM,CEDM,AEKM,CEKL,AEDS,CEDM,AEDS,CEKL,AEDM,CEDM",0
COc1ccc2c(c1)CN(CC2c1ccc(c(c1)F)F)C,MLLARMNPQVQPENNGADTGPEQPLRARKTAELLVVKERNGVQCLLAPRDGDAQPRETWGKKIDFLLSVVGFAVDLANVWRFPYLCYKNGGGAFLIPYTLFLIIAGMPLFYMELALGQYNREGAATVWKICPFFKGVGYAVILIALYVGFYYNVIIAWSLYYLFSSFTLNLPWTDCGHTWNSPNCTDPKLLNGSVLGNHTKYSKYKFTPAAEFYERGVLHLHESSGIHDIGLPQWQLLLCLMVVVIVLYFSLWKGVKTSGKVVWITATLPYFVLFVLLVHGVTLPGASNGINAYLHIDFYRLKEATVWIDAATQIFFSLGAGFGVLIAFASYNKFDNNCYRDALLTSSINCITSFVSGFAIFSILGYMAHEHKVNIEDVATEGAGLVFILYPEAISTLSGSTFWAVVFFVMLLALGLDSSMGGMEAVITGLADDFQVLKRHRKLFTFGVTFSTFLLALFCITKGGIYVLTLLDTFAAGTSILFAVLMEAIGVSWFYGVDRFSNDIQQMMGFRPGLYWRLCWKFVSPAFLLFVVVVSIINFKPLTYDDYIFPPWANWVGWGIALSSMVLVPIYVIYKFLSTQGSLWERLAYGITPENEHHLVAQRDIRQFQLQHWLAI,8.045757491,"CEDL,ANGL,CEDS,ANGL,CETL,ANDM,CEKM,ANGL,CEKS,ANGL,CNGS,ANTM,CEDS,ANGL,CNGS,ANGS,CNTM,ANTL,CEDM,ANGM,CETS,ANGL,CNGS,ANGM,CNGS,ANGL,CEGS,ANGL,CEKS,ANGL,CETS,AEGM,CEDM,AEKM",1
N#CCCN(S(=O)(=O)c1ccccc1c1ccc(c(c1)F)c1cnc(cn1)N)C1CC1,MDQETVGNVVLLAIVTLISVVQNGFFAHKVEHESRTQNGRSFQRTGTLAFERVYTANQNCVDAYPTFLAVLWSAGLLCSQVPAAFAGLMYLFVRQKYFVGYLGERTQSTPGYIFGKRIILFLFLMSVAGIFNYYLIFFFGSDFENYIKTISTTISPLLLIP,8.397940009,"AEGL,CETM,ANGL,CETM,AEGL,CETL",1
CCn1c(=O)n(c2c1cccc2)C(=O)NC1CC2CCC(C1)N2C,MQWAVGRRWLWVALFLAAVAVLTQIVWLWLGTQNFVFQREEIAQLARQYAGLDHELAFSKLIVELRRLHPVHVLPDEELQWVFVNAGGWMGAMCLLHASLSEYVLLFGTALGSPRHSGRYWAEISDTIISGTFHQWREGTTKSEVFYPGETVVHGPGEATAVEWGPNTWMVEYGRGVIPSTLGFALADTVFSTQDFLTLFYTLRVYARALQLELTTYLFGQDP,5.200659451,"CEGS,AEGL,CETS,AEDM,CEDS,AEKM,CEDM,BNGL,CETS,BNGM,CNKM,BNTL,CEDL,BNDS,CEGS,BNGM,AEGL,CEDS,AETL,CEDS",0
CN1CCCC1COc1ccc(cc1C(=O)N=c1sc(c(n1CC1CC1)C)C)C(F)(F)F,MAGCRELELTNGSNGGLEFNPMKEYMILSDAQQIAVAVLCTLMGLLSALENVAVLYLILSSQRLRRKPSYLFIGSLAGADFLASVIFACNFVIFHVFHGVDSRNIFLLKIGSVTMTFTASVGSLLLTAVDRYLCLCYPPTYKALVTRGRALVALGVMWVLSALISYLPLMGWTCCPSPCSELFPLIPNDYLLGWLLFIAILFSGIIYTYGYVLWKAHQHVASLAEHQDRQVPGIARMRLDVRLAKTLGLVMAVLLICWFPALALMGHSLVTTLSDKVKEAFAFCSMLCLVNSMINPIIYALRSGEIRSAAQHCLTGWKKYLQGLGSEGKEEAPKSSVTETEAEVKTTTGPGSRTPGCSNC,7.455931956,"CEDL,AEGL,CEKM,ANTL,CEGS,AEGL,CETL,AEGL,CEDM,AEGL,CETS,AEGL,CEGS,AEKL,CETL",1
OC1COCC1O,MTMITPSFPGNSLAVVLQRRDWENPGVTQLNRLAAHPPFASWRNSEEARTDRPSQQLRSLNGEWRFAWFPAPEAVPESWLECDLPEADTVVVPSNWQMHGYDAPIYTNVTYPITVNPPFVPTENPTGCYSLTFNVDESWLQEGQTRIIFDGVNSAFHLWCNGRWVGYGQDSRLPSEFDLSAFLRAGENRLAVMVLRWSDGSYLEDQDMWRMSGIFRDVSLLHKPTTQISDFHVATRFNDDFSRAVLEAEVQMCGELRDYLRVTVSLWQGETQVASGTAPFGGEIIDERGGYADRVTLRLNVENPKLWSAEIPNLYRAVVELHTADGTLIEAEACDVGFREVRIENGLLLLNGKPLLIRGVNRHEHHPLHGQVMDEQTMVQDILLMKQNNFNAVRCSHYPNHPLWYTLCDRYGLYVVDEANIETHGMVPMNRLTDDPRWLPAMSERVTRMVQRDRNHPSVIIWSLGNESGHGANHDALYRWIKSVDPSRPVQYEGGGADTTATDIICPMYARVDEDQPFPAVPKWSIKKWLSLPGETRPLILCEYAHAMGNSLGGFAKYWQAFRQYPRLQGGFVWDWVDQSLIKYDENGNPWSAYGGDFGDTPNDRQFCMNGLVFADRTPHPALTEAKHQQQFFQFRLSGQTIEVTSEYLFRHSDNELLHWMVALDGKPLASGEVPLDVAPQGKQLIELPELPQPESAGQLWLTVRVVQPNATAWSEAGHISAWQQWRLAENLSVTLPAASHAIPHLTTSEMDFCIELGNKRWQFNRQSGFLSQMWIGDKKQLLTPLRDQFTRAPLDNDIGVSEATRIDPNAWVERWKAAGHYQAEAALLQCTADTLADAVLITTAHAWQHQGKTLFISRKTYRIDGSGQMAITVDVEVASDTPHPARIGLNCQLAQVAERVNWLGLGPQENYPDRLTAACFDRWDLPLSDMYTPYVFPSENGLRCGTRELNYGPHQWRGDFQFNISRYSQQQLMETSHRHLLHAEEGTWLNIDGFHMGIGGDDSWSPSVSAEFQLSAGRYHYQLVWCQK,2.0,"CETM,AEGS,CNKL,AEDM,CETS,BEGM,AEDM,CEDS,BEDS,CETL,BNTM,AEDS,BNGL,CNDL,BNGM,CNKS,ANDS,CNDM,BNKS,CETS,BNKM,CEDS,BEDM,CEDS,BETL,CEDM,BEKM,CEGM,BNKM,CEDS,BNDL,CNKM,AEDM,CNTM,ANTM,BNDS,CNDL,ANKL,CNKS,BNGS,CNDM,ANKM,CNDL,ANKM,CEDM,BNDS,CNGM,AEKM,CEKS,BNGS,CEDL,ANKM,CNTS,BETM,CNDM,BEGL,CEGS,BEDS,CEDM,BNGM,CEGM,BETM,CETL,BNDM,CETS,BNGS,CEDL,AEKS,CNTS,BEDM,CEDS,BNKL,CETS,BNDM,CEDM,BNTM,CEDS,BNGM,CEDM,BEDM,CNTL,BNTL,CETS,AETS,CEKM,BNGM,CEDL,BEKM",0
NS(=O)(=O)c1ccccc1C#Cc1ccccc1,MSHHWGYGKHNGPEHWHKDFPIAKGERQSPVDIDTHTAKYDPSLKPLSVSYDQATSLRILNNGHAFNVEFDDSQDKAVLKGGPLDGTYRLIQFHFHWGSLDGQGSEHTVDKKKYAAELHLVHWNTKYGDFGKAVQQPDGLAVLGIFLKVGSAKPGLQKVVDVLDSIKTKGKSADFTNFDPRGLLPESLDYWTYPGSLTTPPLLECVTWIVLKEPISVSSEQVLKFRKLNFNGEGEPEELMVDNWRPAQPLKNRQIKASFK,5.305394801,"CEKM,AEKS,CEDL,BETS,CNKS,BNDS,CEDL,BNKM,CEKL,BNKM,AEKM,CEDS,BNGM,CEKS,AEDM,CEDL,BNTS,CETM,BNGS,CEDS,AETM,CEKL",0
CCOC(=O)CCCOc1c(ccc(c1F)c1cnc(cn1)N)C1CCC1,MDQETVGNVVLLAIVTLISVVQNGFFAHKVEHESRTQNGRSFQRTGTLAFERVYTANQNCVDAYPTFLAVLWSAGLLCSQVPAAFAGLMYLFVRQKYFVGYLGERTQSTPGYIFGKRIILFLFLMSVAGIFNYYLIFFFGSDFENYIKTISTTISPLLLIP,7.206209615,"AEGL,CETM,ANGL,CETM,AEGL,CETL",1
NS(=O)(=O)c1ccc(cc1)NC=C1N=CC=N1,MRLLLALLVLAAAPPQARAASHWCYQIQVKPSNYTCLEPDEWEGSCQNNRQSPVNIVTAKTQLDPNLGRFSFSGYNMKHQWVVQNNGHTVMVLLENKPSIAGGGLSTRYQATQLHLHWSRAMDRGSEHSFDGERFAMEMHIVHEKEKGLSGNASQNQFAEDEIAVLAFMVEDGSKNVNFQPLVEALSDIPRPNMNTTMKEGVSLFDLLPEEESLRHYFRYLGSLTTPTCDEKVVWTVFQKPIQLHRDQILAFSQKLFYDDQQKVNMTDNVRPVQSLGQRQVFRSGAPGLLLAQPLPTLLAPVLACLTVGFLR,6.886056648,"ANGM,CETL,BETS,CEGL,BNTM,CEDL,BNKM,CEDS,AETS,CEDS,BNDM,CETS,ANGM,CEDL,BEKM,CETM,BNGS,CEKS,AEKM,CETL,ANGL",1
COc1cccc2c1[nH]c(c2)c1cc(c(s1)C1(C)N=C(N)C2(S(=O)(=O)C1)CCC2)Cl,MAQALPWLLLWMGAGVLPAHGTQHGIRLPLRSGLGGAPLGLRLPRETDEEPEEPGRRGSFVEMVDNLRGKSGQGYYVEMTVGSPPQTLNILVDTGSSNFAVGAAPHPFLHRYYQRQLSSTYRDLRKGVYVPYTQGKWEGELGTDLVSIPHGPNVTVRANIAAITESDKFFINGSNWEGILGLAYAEIARPDDSLEPFFDSLVKQTHVPNLFSLQLCGAGFPLNQSEVLASVGGSMIIGGIDHSLYTGSLWYTPIRREWYYEVIIVRVEINGQDLKMDCKEYNYDKSIVDSGTTNLRLPKKVFEAAVKSIKAASSTEKFPDGFWLGEQLVCWQAGTTPWNIFPVISLYLMGEVTNQSFRITILPQQYLRPVEDVATSQDDCYKFAISQSSTGTVMGAVIMEGFYVVFDRARKRIGFAVSACHVHDEFRTAAVEGPFVTLDMEDCGYNIPQTDESTLMTIAYVMAAICALFMLPLCLMVCQWCCLRCLRQQHDDFADDISLLK,8.113509275,"CEGS,AEGM,CEKM,BEKS,CEDL,BNTM,CEGS,BNTM,CETL,BEKM,CETS,BEDM,CEGS,BEDM,CEDL,AEDM,CETS,BNTS,CEGL,BNGS,CNDS,BETM,CEKS,BNDM,CEDL,AEKL,CEGL,BNGS,CETS,BNTS,CEDL,BEDS,CETM,ANGM,BNDS,CEKS,BNGS,CEKM,BEGS,CEDM,AEGL,CEDM",1
OC(=O)C1CCCCC1c1nc2c(n1Cc1c(F)cc(cc1F)c1ccc(cc1)C(F)(F)F)cc(cc2)OCc1ccc(cn1)C,MDQETVGNVVLLAIVTLISVVQNGFFAHKVEHESRTQNGRSFQRTGTLAFERVYTANQNCVDAYPTFLAVLWSAGLLCSQVPAAFAGLMYLFVRQKYFVGYLGERTQSTPGYIFGKRIILFLFLMSVAGIFNYYLIFFFGSDFENYIKTISTTISPLLLIP,8.602059991,"AEGL,CETM,ANGL,CETM,AEGL,CETL",1
Cc1cccc(n1)C=Cc1ccccc1,MVLLLILSVLLLKEDVRGSAQSSERRVVAHMPGDIIIGALFSVHHQPTVDKVHERKCGAVREQYGIQRVEAMLHTLERINSDPTLLPNITLGCEIRDSCWHSAVALEQSIEFIRDSLISSEEEEGLVRCVDGSSSFRSKKPIVGVIGPGSSSVAIQVQNLLQLFNIPQIAYSATSMDLSDKTLFKYFMRVVPSDAQQARAMVDIVKRYNWTYVSAVHTEGNYGESGMEAFKDMSAKEGICIAHSYKIYSNAGEQSFDKLLKKLRSHLPKARVVACFCEGMTVRGLLMAMRRLGLAGEFLLLGSDGWADRYDVTDGYQREAVGGITIKLQSPDVKWFDDYYLKLRPETNLRNPWFQEFWQHRFQCRLEGFAQENSKYNKTCNSSLTLRTHHVQDSKMGFVINAIYSMAYGLHNMQMSLCPGYAGLCDAMKPIDGRKLLDSLMKTNFTGVSGDMILFDENGDSPGRYEIMNFKEMGKDYFDYINVGSWDNGELKMDDDEVWSKKNNIIRSVCSEPCEKGQIKVIRKGEVSCCWTCTPCKENEYVFDEYTCKACQLGSWPTDDLTGCDLIPVQYLRWGDPEPIAAVVFACLGLLATLFVTVIFIIYRDTPVVKSSSRELCYIILAGICLGYLCTFCLIAKPKQIYCYLQRIGIGLSPAMSYSALVTKTNRIARILAGSKKKICTKKPRFMSACAQLVIAFILICIQLGIIVALFIMEPPDIMHDYPSIREVYLICNTTNLGVVTPLGYNGLLILSCTFYAFKTRNVPANFNEAKYIAFTMYTTCIIWLAFVPIYFGSNYKIITMCFSVSLSATVALGCMFVPKVYIILAKPERNVRSAFTTSTVVRMHVGDGKSSSAASRSSSLVNLWKRRGSSGETLRYKDRRLAQHKSEIECFTPKGSMGNGGRATMSSSNGKSVTWAQNEKSTRGQHLWQRLSVHINKKENPNQTAVIKPFPKSTENRGPGAAAGGGSGPGVAGAGNAGCTATGGPEPPDAGPKALYDVAEAEESFPAAARPRSPSPISTLSHLAGSAGRTDDDAPSLHSETAARSSSSQGSLMEQISSVVTRFTANISELNSMMLSTAATPGPPGTPICSSYLIPKEIQLPTTMTTFAEIQPLPAIEVTGGAQGATGVSPAQETPTGAESAPGKPDLEELVALTPPSPFRDSVDSGSTTPNSPVSESALCIPSSPKYDTLIIRDYTQSSSSL,6.494116059,"AEGM,CEKL,BNGS,CEKL,ANKL,CETM,BNDS,CNTS,ANDL,CEDL,BNGS,CNGS,ANTM,CNTL,ANKM,CETS,BNTS,CEDS,AEDM,CEDS,BEKM,CETS,AEKM,CEKS,BNGS,ANKM,CEDL,BNKS,CEDS,AEDM,CEKM,ANKM,CETL,ANGL,CEDM,AEKM,CEDL,BNDM,CEDS,BEDM,CEDL,AEGL,CEDS,AETL,CEKS,AETL,CEKM,AEGL,CEDL,AEGL,CETS,AETL,CETS,AEGL,CEKL,BNKM,CETL,AETM,CEGS,AETS,CETL,AEDS,CETL",0
O=C(c1ccc2c(c1)[nH]cn2)N1CCCN(CC1)C(=O)c1cc(ccc1F)CC1NNC(=O)C2C1NCCC2,MAESSDKLYRVEYAKSGRASCKKCSESIPKDSLRMAIMVQSPMFDGKVPHWYHFSCFWKVGHSIRHPDVEVDGFSELRWDDQQKVKKTAEAGGVTGKGQDGIGSKAEKTLGDFAAEYAKSNRSTCKGCMEKIEKGQVRLSKKMVDPEKPQLGMIDRWYHPGCFVKNREELGFRPEYSASQLKGFSLLATEDKEALKKQLPGVKSEGKRKGDEVDGVDEVAKKKSKKEKDKDSKLEKALKAQNDLIWNIKDELKKVCSTNDLKELLIFNKQQVPSGESAILDRVADGMVFGALLPCEECSGQLVFKSDAYYCTGDVTAWTKCMVKTQTPNRKEWVTPKEFREISYLKKLKVKKQDRIFPPETSASVAATPPPSTASAPAAVNSSASADKPLSNMKILTLGKLSRNKDEVKAMIEKLGGKLTGTANKASLCISTKKEVEKMNKKMEEVKEANIRVVSEDFLQDVSASTKSLQELFLAHILSPWGAEVKAEPVEVVAPRGKSGAALSKKSKGQVKEEGINKSEKRMKLTLKGGAAVDPDSGLEHSAHVLEKGGKVFSATLGLVDIVKGTNSYYKLQLLEDDKENRYWIFRSWGRVGTVIGSNKLEQMPSKEDAIEHFMKLYEEKTGNAWHSKNFTKYPKKFYPLEIDYGQDEEAVKKLTVNPGTKSKLPKPVQDLIKMIFDVESMKKAMVEYEIDLQKMPLGKLSKRQIQAAYSILSEVQQAVSQGSSDSQILDLSNRFYTLIPHDFGMKKPPLLNNADSVQAKVEMLDNLLDIEVAYSLLRGGSDDSSKDPIDVNYEKLKTDIKVVDRDSEEAEIIRKYVKNTHATTHNAYDLEVIDIFKIEREGECQRYKPFKQLHNRRLLWHGSRTTNFAGILSQGLRIAPPEAPVTGYMFGKGIYFADMVSKSANYCHTSQGDPIGLILLGEVALGNMYELKHASHISKLPKGKHSVKGLGKTTPDPSANISLDGVDVPLGTGISSGVNDTSLLYNEYIVYDIAQVNLKYLLKLKFNFKTSLW,8.721246399,"CEDM,BNDS,CEKL,BNGM,CEDS,BEKS,AETS,CEKS,AEDL,CEDL,BNDS,CEKL,BNKM,CEDS,BEGM,ANKS,CEDM,AEKL,CEKL,AEDL,CETM,AEDM,CEDM,BETM,CEKL,AEDM,CEKL,AEDM,CNKS,AEDM,CETS,AEGS,CEKL,BEGM,CEDS,BNTM,CEDS,BEKM,CEGS,BEDS,CETS,AEDL,CEKL,AEDL,CEDM,AETL,CETS,AETM,CEKM,AEDL,CEDM,ANDM,BEKS,CEDS,AEDM,CETM,BEDM,AEKM,CETS,BNKM,ANTM,CEGL,ANTM,CETS,BNGM,CEKL,BNKM,CEDL,BNTL,CETS",1
O=C(N1CCN(CC1)C(C)C)OC1CCN(C1)c1ccc(nc1)C(=O)N,MERAPPDGPLNASGALAGEAAAAGGARGFSAAWTAVLAALMALLIVATVLGNALVMLAFVADSSLRTQNNFFLLNLAISDFLVGAFCIPLYVPYVLTGRWTFGRGLCKLWLVVDYLLCTSSAFNIVLISYDRFLSVTRAVSYRAQQGDTRRAVRKMLLVWVLAFLLYGPAILSWEYLSGGSSIPEGHCYAEFFYNWYFLITASTLEFFTPFLSVTFFNLSIYLNIQRRTRLRLDGAREAAGPEPPPEAQPSPPPPPGCWGCWQKGHGEAMPLHRYGVGEAAVGAEAGEATLGGGGGGGSVASPTSSSGSSSRGTERPRSLKRGSKPSASSASLEKRMKMVSQSFTQRFRLSRDRKVAKSLAVIVSIFGLCWAPYTLLMIIRAACHGHCVPDYWYETSFWLLWANSAVNPVLYPLCHHSFRRAFTKLLCPQKLKIQPHSSLEHCWK,8.26760624,"CEGL,ANGL,BNGS,CETS,ANGL,CEKS,BNGM,ANTL,CETM,ANKL,CETL,ANTL,CEKL,ANKS,BNGM,ANGM,CEKS,ANTL,CEKL",1
CCCn1c2=NC(=C3ONC(=C3)OCc3[nH]c4c(n3)ccc(c4)Br)N=c2c(=O)n(c1=O)CCC,MLLETQDALYVALELVIAALSVAGNVLVCAAVGTANTLQTPTNYFLVSLAAADVAVGLFAIPFAITISLGFCTDFYGCLFLACFVLVLTQSSIFSLLAVAVDRYLAICVPLRYKSLVTGTRARGVIAVLWVLAFGIGLTPFLGWNSKDSATNNCTEPWDGTTNESCCLVKCLFENVVPMSYMVYFNFFGCVLPPLLIMLVIYIKIFLVACRQLQRTELMDHSRTTLQREIHAAKSLAMIVGIFALCWLPVHAVNCVTLFQPAQGKNKPKWAMNMAILLSHANSVVNPIVYAYRNRDFRYTFHKIISRYLLCQADVKSGNGQAGVQPALGVGL,8.387216143,"CEDS,ANGL,CEGS,ANGL,CETL,AEGL,CEKM,ANKL,CEGL",1
Clc1cccc(c1)CC(C(=O)O)NC(=O)c1ccc2c(c1)cccc2,MADEEKLPPGWEKRMSRSSGRVYYFNHITNASQWERPSGNSSSGGKNGQGEPARVRCSHLLVKHSQSRRPSSWRQEKITRTKEEALELINGYIQKIKSGEEDFESLASQFSDCSSAKARGDLGAFSRGQMQKPFEDASFALRTGEMSGPVFTDSGIHIILRTE,5.468521083,"CEDM,BEKS,CEKS,BETS,CETL,BNKM,CEKL,AEDL,CEDS,AETM,CNDS,AETS,BEGS,CETS,AEDM,CEGM,BNDM",0
O=C(N1CCN2CCC1CC2)Oc1ccc(c(c1)Cl)Br,MCGGRGGIWLALAAALLHVSLQGEFQRRLYKELVKNYNPLERPVANDSQPLTVYFSLSLLQIMDVDEKNQVLTTNIWLQMSWTDHYLQWNMSEYPGVKNVRFPDGQIWKPDILLYNSADERFDATFHTNVLVNASGHCQYLPPGIFKSSCYIDVRWFPFDVQQCKLKFGSWSYGGWSLDLQMQEADISSYIPNGEWDLMGIPGKRNEKFYECCKEPYPDVTYTVTMRRRTLYYGLNLLIPCVLISALALLVFLLPADSGEKISLGITVLLSLTVFMLLVAEIMPATSDSVPLIAQYFASTMIIVGLSVVVTVIVLRYHHHDPDGGKMPKWTRIILLNWCAWFLRMKRPGEDKVRPACQHKPRRCSLASVELSAGAGPPTSNGNLLYIGFRGLEGMHCAPTPDSGVVCGRLACSPTHDEHLMHGAHPSDGDPDLAKILEEVRYIANRFRCQDESEVICSEWKFAACVVDRLCLMAFSVFTIICTIGILMSAPNFVEAVSKDFA,7.48148606,"CEKS,AEGM,CEGS,AEKM,CETL,BNTL,CEDS,BNTM,CETM,BNKS,CNDM,BNTS,CEDM,BNTS,CEGS,BNGM,CETL,BNKS,CNTS,BNDS,CEDM,BEKM,CEDM,BNTM,AEGL,CEDS,AEGL,CEGM,AEGL,CEKM,AEGM,CEKL,AEKL,CEDS,AEGL,CEDM",1
Clc1cccc(c1)C1=CNNC1=C1C=NC(=C1)C(=O)N1CCOCC1,MAAAAAAGAGPEMVRGQVFDVGPRYTNLSYIGEGAYGMVCSAYDNVNKVRVAIKKISPFEHQTYCQRTLREIKILLRFRHENIIGINDIIRAPTIEQMKDVYIVQDLMETDLYKLLKTQHLSNDHICYFLYQILRGLKYIHSANVLHRDLKPSNLLLNTTCDLKICDFGLARVADPDHDHTGFLTEYVATRWYRAPEIMLNSKGYTKSIDIWSVGCILAEMLSNRPIFPGKHYLDQLNHILGILGSPSQEDLNCIINLKARNYLLSLPHKNKVPWNRLFPNADSKALDLLDKMLTFNPHKRIEVEQALAHPYLEQYYDPSDEPIAEAPFKFDMELDDLPKEKLKELIFEETARFQPGYRS,6.060480747,"CEGL,BETM,CEGS,BNTM,CETS,BNKM,CEDS,AEKL,CEDL,BNDS,CEDS,AEKM,CETS,ANKL,CNTL,AEDS,CEDM,ANKM,CNTM,ANGL,CEKM,AEGM,CETS,AEDS,CETS,AEKM,CEKL,AEDM,CEKM,AEDS,CEDL,AEDM,CETM",0
CNC(C(=O)NC(C(=O)NC(C(=O)NNc1ccccc1)C(C)C)C(C)C)C,MTFNSFEGSKTCVPADINKEEEFVEEFNRLKTFANFPSGSPVSASTLARAGFLYTGEGDTVRCFSCHAAVDRWQYGDSAVGRHRKVSPNCRFINGFYLENSATQSTNSGIQNGQYKVENYLGSRDHFALDRPSETHADYLLRTGQVVDISDTIYPRNPAMYSEEARLKSFQNWPDYAHLTPRELASAGLYYTGIGDQVQCFCCGGKLKNWEPCDRAWSEHRRHFPNCFFVLGRNLNIRSESDAVSSDRNFPNSTNLPRNPSMADYEARIFTFGTWIYSVNKEQLARAGFYALGEGDKVKCFHCGGGLTDWKPSEDPWEQHAKWYPGCKYLLEQKGQEYINNIHLTHSLEECLVRTTEKTPSLTRRIDDTIFQNPMVQEAIRMGFSFKDIKKIMEEKIQISGSNYKSLEVLVADLVNAQKDSMQDESSQTSLQKEISTEEQLRRLQEEKLCKICMDRNIAIVFVPCGHLVTCKQCAEAVDKCPMCYTVITFKQKIFMS,4.850045095,"CEDL,AEKS,CETM,AETS,CEDL,AEKM,CETL,AEKS,CETM,AEDM,CETM,AEDS,CETL,AEKM,CETS,AEGS,CETL,AEDM,CETM,AEKS,CEDL,AEKM,CETS,AEDL,CEKM,AEDM,CEGS,AEKM,CETS,AEDM,CEDL,AEDM,CEKM,BNGS,CNKS,AETM,CETM,BEKM",0
OC(=O)C=Cc1ccc(cc1)c1[nH]c2c(n1)n(Cc1ccccc1)c(=O)n(c2=O)Cc1ccccc1,MPPYISAFQAAYIGIEVLIALVSVPGNVLVIWAVKVNQALRDATFCFIVSLAVADVAVGALVIPLAILINIGPQTYFHTCLMVACPVLILTQSSILALLAIAVDRYLRVKIPLRYKTVVTQRRAAVAIAGCWILSLVVGLTPMFGWNNLSVVEQDWRANGSVGEPVIKCEFEKVISMEYMVYFNFFVWVLPPLLLMVLIYLEVFYLIRKQLNKKVSASSGDPQKYYGKELKIAKSLALILFLFALSWLPLHILNCITLFCPTCQKPSILIYIAIFLTHGNSAMNPIVYAFRIHKFRVTFLKIWNDHFRCQPKPPIDEDLPEEKAED,6.696803943,"CEGS,AEGL,CEDS,AEGL,CEGS,ANGL,CEKS,AEGL,CEDM,AEGL,CETM,AEGL,CETS,AEKL,CEDL",1
COc1ccccc1N1CCN(CC1)CCCCNc1ccc2c(n1)ccc(c2)C,MDVLSPGQGNNTTSPPAPFETGGNTTGISDVTVSYQVITSLLLGTLIFCAVLGNACVVAAIALERSLQNVANYLIGSLAVTDLMVSVLVLPMAALYQVLNKWTLGQVTCDLFIALDVLCCTSSILHLCAIALDRYWAITDPIDYVNKRTPRRAAALISLTWLIGFLISIPPMLGWRTPEDRSDPDACTISKDHGYTIYSTFGAFYIPLLLMLVLYGRIFRAARFRIRKTVKKVEKTGADTRHGASPAPQPKKSVNGESGSRNWRLGVESKAGGALCANGAVRQGDDGAALEVIEVHRVGNSKEHLPLPSEAGPTPCAPASFERKNERNAEAKRKMALARERKTVKTLGIIMGTFILCWLPFFIVALVLPFCESSCHMPTLLGAIINWLGYSNSLLNPVIYAYFNKDFQNAFKKIIKCKFCRQ,9.26760624,"CETL,ANGL,CETS,ANGL,CEDL,ANKL,CEKL,AEKM,CNGM,ANKM,CNDS,ANGL,CETM,ANTL,CEKM",1
CCSc1ccc(cc1)C1CC2CCC(C1C(=O)OC)N2,MLLARMNPQVQPENNGADTGPEQPLRARKTAELLVVKERNGVQCLLAPRDGDAQPRETWGKKIDFLLSVVGFAVDLANVWRFPYLCYKNGGGAFLIPYTLFLIIAGMPLFYMELALGQYNREGAATVWKICPFFKGVGYAVILIALYVGFYYNVIIAWSLYYLFSSFTLNLPWTDCGHTWNSPNCTDPKLLNGSVLGNHTKYSKYKFTPAAEFYERGVLHLHESSGIHDIGLPQWQLLLCLMVVVIVLYFSLWKGVKTSGKVVWITATLPYFVLFVLLVHGVTLPGASNGINAYLHIDFYRLKEATVWIDAATQIFFSLGAGFGVLIAFASYNKFDNNCYRDALLTSSINCITSFVSGFAIFSILGYMAHEHKVNIEDVATEGAGLVFILYPEAISTLSGSTFWAVVFFVMLLALGLDSSMGGMEAVITGLADDFQVLKRHRKLFTFGVTFSTFLLALFCITKGGIYVLTLLDTFAAGTSILFAVLMEAIGVSWFYGVDRFSNDIQQMMGFRPGLYWRLCWKFVSPAFLLFVVVVSIINFKPLTYDDYIFPPWANWVGWGIALSSMVLVPIYVIYKFLSTQGSLWERLAYGITPENEHHLVAQRDIRQFQLQHWLAI,6.928117993,"CEDL,ANGL,CEDS,ANGL,CETL,ANDM,CEKM,ANGL,CEKS,ANGL,CNGS,ANTM,CEDS,ANGL,CNGS,ANGS,CNTM,ANTL,CEDM,ANGM,CETS,ANGL,CNGS,ANGM,CNGS,ANGL,CEGS,ANGL,CEKS,ANGL,CETS,AEGM,CEDM,AEKM",1
CCCc1c(OCCCCOc2cccc(c2)OC(C(=O)O)(C)C)ccc2c1onc2c1ccccc1,MVDTESPLCPLSPLEAGDLESPLSEEFLQEMGNIQEISQSIGEDSSGSFGFTEYQYLGSCPGSDGSVITDTLSPASSPSSVTYPVVPGSVDESPSGALNIECRICGDKASGYHYGVHACEGCKGFFRRTIRLKLVYDKCDRSCKIQKKNRNKCQYCRFHKCLSVGMSHNAIRFGRMPRSEKAKLKAEILTCEHDIEDSETADLKSLAKRIYEAYLKNFNMNKVKARVILSGKASNNPPFVIHDMETLCMAEKTLVAKLVANGIQNKEAEVRIFHCCQCTSVETVTELTEFAKAIPGFANLDLNDQVTLLKYGVYEAIFAMLSSVMNKDGMLVAYGNGFITREFLKSLRKPFCDIMEPKFDFAMKFNALELDDSDISLFVAAIICCGDRPGLLNVGHIEKMQEGIVHVLRLHLQSNHPDDIFLFPKLLQKMADLRQLVTEHAQLVQIIKKTESDAALHPLLQEIYRDMY,6.59345982,"CEDL,BNKS,CNDS,AEKS,CEKL,AEKM,CEDL,AEKL,CNTS,AEKM,CETM,AEDM,CEGM,ANDL,CEGS,ANGL,BNGM,CETS,ANKM,CEKS,ANDL,CEDS,ANDM,CETM,AEKL,CEDS,AEKL,CEDS,AEDS,CEDS",1
CC(C1(C)OC(=NC1=O)NC1C2CC3CC1CC(C2)C3)C,MAFMKKYLLPILGLFMAYYYYSANEEFRPEMLQGKKVIVTGASKGIGREMAYHLAKMGAHVVVTARSKETLQKVVSHCLELGAASAHYIAGTMEDMTFAEQFVAQAGKLMGGLDMLILNHITNTSLNLFHDDIHHVRKSMEVNFLSYVVLTVAALPMLKQSNGSIVVVSSLAGKVAYPMVAAYSASKFALDGFFSSIRKEYSVSRVNVSITLCVLGLIDTETAMKAVSGIVHMQAAPKEECALEIIKGGALRQEEVYYDSSLWTTLLIRNPCRKILEFLYSTSYNMDRFINK,8.22184875,"ANGL,CEKL,ANKM,CNGS,BNGS,AEKL,CEGS,BETS,CEDS,AEGM,CEDL,ANKL,BNTM,CNGM,ANTL,CETS,BNTS,AEDM,CEGM,AEDM,CEDM,AEGS,CEKS,AEKM,CETM",1
OCC1(COC(=O)C(C)C)OC(=O)C(=Cc2ccc(c(c2)F)Cl)C1,MADVYPANDSTASQDVANRFARKGALRQKNVHEVKDHKFIARFFKQPTFCSHCTDFIWGFGKQGFQCQVCCFVVHKRCHEFVTFSCPGADKGPDTDDPRSKHKFKIHTYGSPTFCDHCGSLLYGLIHQGMKCDTCDMNVHKQCVINDPSLCGMDHTEKRGRIYLKAEVTDEKLHVTVRDAKNLIPMDPNGLSDPYVKLKLIPDPKNESKQKTKTIRSNLNPQWNESFTFKLKPSDKDRRLSVEIWDWDRTTRNDFMGSLSFGVSELMKMPASGWYKAHNQEEGEYYNVPIPEGDEEGNMELRQKFEKAKLGPVGNKVISPSEDRKQPSNNLDRVKLTDFNFLMVLGKGSFGKVMLADRKGTEELYAIKILKKDVVIQDDDVECTMVEKRVLALLDKPPFLTQLHSCFQTVDRLYFVMEYVNGGDLMYHIQQVGKFKEPQAVFYAAEISIGLFFLHKRGIIYRDLKLNNVMLNSEGHIKIADFGMCKEHMMDGVTTRTFCGTPDYIAPEIIAYQPYGKSVDWWAYGVLLYEMLAGQPPFDGEDEDELFQSIMEHNVSYPKSLSKEAVSICKGLMTKQPAKRLGCGPEGERDVREHAFFRRIDWEKLENREIQPPFKPKVCGKGAENFDKFFTRGQPVLTPPDQLVIANIDQSDFEGFSYVNPQFVHPILQSAV,7.057495894,"CEDM,AEKS,CEKL,BEKL,CEDM,BNKM,CEKL,BETM,CEKM,BNDM,CEKS,BNGM,AEDS,CEKS,BETS,CEDL,AEKM,CEKL,BEGM,CEGS,BNKM,CEDS,BNKM,AEDS,CEDS,ANDM,CEGS,BNTM,CEDS,BNDS,CETS,AETM,CEKS,ANGL,CEKL,ANDM,CETS,ANGL,CEDM,AEDM,CETM,AEKM,CEKM,AEDS,CEKM,AEDS,CEKM,AEDM,CEGM,AEGS,CETL",1
